$$Product2.StockKeepingUnit$ProductSellingModel.Name$CurrencyIsoCode,CurrencyIsoCode,IsActive,IsDerived,Name,Pricebook2.$$Name$IsStandard,Product2.StockKeepingUnit,ProductSellingModel.$$Name$SellingModelType,UnitPrice
QB-API;Evergreen Monthly;USD,USD,true,false,Additional API,Standard Price Book;true,QB-API,Evergreen Monthly;Evergreen,2000
QB-API;Evergreen Monthly;GBP,GBP,true,false,Additional API,Standard Price Book;true,QB-API,Evergreen Monthly;Evergreen,1495.5
QB-API;Evergreen Monthly;EUR,EUR,true,false,Additional API,Standard Price Book;true,QB-API,Evergreen Monthly;Evergreen,1752.5
QB-API;Evergreen Monthly;AUD,AUD,true,false,Additional API,Standard Price Book;true,QB-API,Evergreen Monthly;Evergreen,2860.5
QB-API;Evergreen Monthly;CAD,CAD,true,false,Additional API,Standard Price Book;true,QB-API,Evergreen Monthly;Evergreen,2818
QB-API;Evergreen Monthly;CHF,CHF,true,false,Additional API,Standard Price Book;true,QB-API,Evergreen Monthly;Evergreen,1627.5
QB-API;Evergreen Monthly;JPY,JPY,true,false,Additional API,Standard Price Book;true,QB-API,Evergreen Monthly;Evergreen,326173
QB-API;Term Annual;USD,USD,true,false,Additional API,Standard Price Book;true,QB-API,Term Annual;TermDefined,15000
QB-API;Term Annual;GBP,GBP,true,false,Additional API,Standard Price Book;true,QB-API,Term Annual;TermDefined,11216
QB-API;Term Annual;EUR,EUR,true,false,Additional API,Standard Price Book;true,QB-API,Term Annual;TermDefined,13145.5
QB-API;Term Annual;AUD,AUD,true,false,Additional API,Standard Price Book;true,QB-API,Term Annual;TermDefined,21452
QB-API;Term Annual;CAD,CAD,true,false,Additional API,Standard Price Book;true,QB-API,Term Annual;TermDefined,21135
QB-API;Term Annual;CHF,CHF,true,false,Additional API,Standard Price Book;true,QB-API,Term Annual;TermDefined,12206.5
QB-API;Term Annual;JPY,JPY,true,false,Additional API,Standard Price Book;true,QB-API,Term Annual;TermDefined,2446300
QB-API;Term Monthly;USD,USD,true,false,Additional API,Standard Price Book;true,QB-API,Term Monthly;TermDefined,1500
QB-API;Term Monthly;GBP,GBP,true,false,Additional API,Standard Price Book;true,QB-API,Term Monthly;TermDefined,1121.5
QB-API;Term Monthly;EUR,EUR,true,false,Additional API,Standard Price Book;true,QB-API,Term Monthly;TermDefined,1314.5
QB-API;Term Monthly;AUD,AUD,true,false,Additional API,Standard Price Book;true,QB-API,Term Monthly;TermDefined,2145
QB-API;Term Monthly;CAD,CAD,true,false,Additional API,Standard Price Book;true,QB-API,Term Monthly;TermDefined,2113.5
QB-API;Term Monthly;CHF,CHF,true,false,Additional API,Standard Price Book;true,QB-API,Term Monthly;TermDefined,1220.5
QB-API;Term Monthly;JPY,JPY,true,false,Additional API,Standard Price Book;true,QB-API,Term Monthly;TermDefined,244630
QB-API-FLEX;Term Annual;USD,USD,true,false,Additional API Flex (100M),Standard Price Book;true,QB-API-FLEX,Term Annual;TermDefined,450
QB-API-FLEX;Term Annual;GBP,GBP,true,false,Additional API Flex (100M),Standard Price Book;true,QB-API-FLEX,Term Annual;TermDefined,336.5
QB-API-FLEX;Term Annual;EUR,EUR,true,false,Additional API Flex (100M),Standard Price Book;true,QB-API-FLEX,Term Annual;TermDefined,394.5
QB-API-FLEX;Term Annual;AUD,AUD,true,false,Additional API Flex (100M),Standard Price Book;true,QB-API-FLEX,Term Annual;TermDefined,643.5
QB-API-FLEX;Term Annual;CAD,CAD,true,false,Additional API Flex (100M),Standard Price Book;true,QB-API-FLEX,Term Annual;TermDefined,634
QB-API-FLEX;Term Annual;CHF,CHF,true,false,Additional API Flex (100M),Standard Price Book;true,QB-API-FLEX,Term Annual;TermDefined,366
QB-API-FLEX;Term Annual;JPY,JPY,true,false,Additional API Flex (100M),Standard Price Book;true,QB-API-FLEX,Term Annual;TermDefined,73389
QB-API-GOVT;Term Annual;USD,USD,true,false,Additional API Gov,Standard Price Book;true,QB-API-GOVT,Term Annual;TermDefined,1450
QB-API-GOVT;Term Annual;GBP,GBP,true,false,Additional API Gov,Standard Price Book;true,QB-API-GOVT,Term Annual;TermDefined,1084
QB-API-GOVT;Term Annual;EUR,EUR,true,false,Additional API Gov,Standard Price Book;true,QB-API-GOVT,Term Annual;TermDefined,1270.5
QB-API-GOVT;Term Annual;AUD,AUD,true,false,Additional API Gov,Standard Price Book;true,QB-API-GOVT,Term Annual;TermDefined,2073.5
QB-API-GOVT;Term Annual;CAD,CAD,true,false,Additional API Gov,Standard Price Book;true,QB-API-GOVT,Term Annual;TermDefined,2043
QB-API-GOVT;Term Annual;CHF,CHF,true,false,Additional API Gov,Standard Price Book;true,QB-API-GOVT,Term Annual;TermDefined,1180
QB-API-GOVT;Term Annual;JPY,JPY,true,false,Additional API Gov,Standard Price Book;true,QB-API-GOVT,Term Annual;TermDefined,236476
QB-API-MGMT;Evergreen Monthly;USD,USD,true,false,QB API Management Solution,Standard Price Book;true,QB-API-MGMT,Evergreen Monthly;Evergreen,1000
QB-API-MGMT;Evergreen Monthly;GBP,GBP,true,false,QB API Management Solution,Standard Price Book;true,QB-API-MGMT,Evergreen Monthly;Evergreen,747.5
QB-API-MGMT;Evergreen Monthly;EUR,EUR,true,false,QB API Management Solution,Standard Price Book;true,QB-API-MGMT,Evergreen Monthly;Evergreen,876.5
QB-API-MGMT;Evergreen Monthly;AUD,AUD,true,false,QB API Management Solution,Standard Price Book;true,QB-API-MGMT,Evergreen Monthly;Evergreen,1430
QB-API-MGMT;Evergreen Monthly;CAD,CAD,true,false,QB API Management Solution,Standard Price Book;true,QB-API-MGMT,Evergreen Monthly;Evergreen,1409
QB-API-MGMT;Evergreen Monthly;CHF,CHF,true,false,QB API Management Solution,Standard Price Book;true,QB-API-MGMT,Evergreen Monthly;Evergreen,814
QB-API-MGMT;Evergreen Monthly;JPY,JPY,true,false,QB API Management Solution,Standard Price Book;true,QB-API-MGMT,Evergreen Monthly;Evergreen,163087
QB-API-MGMT;Term Annual;USD,USD,true,false,QB API Management Solution,Standard Price Book;true,QB-API-MGMT,Term Annual;TermDefined,12000
QB-API-MGMT;Term Annual;GBP,GBP,true,false,QB API Management Solution,Standard Price Book;true,QB-API-MGMT,Term Annual;TermDefined,8972.5
QB-API-MGMT;Term Annual;EUR,EUR,true,false,QB API Management Solution,Standard Price Book;true,QB-API-MGMT,Term Annual;TermDefined,10516.5
QB-API-MGMT;Term Annual;AUD,AUD,true,false,QB API Management Solution,Standard Price Book;true,QB-API-MGMT,Term Annual;TermDefined,17161.5
QB-API-MGMT;Term Annual;CAD,CAD,true,false,QB API Management Solution,Standard Price Book;true,QB-API-MGMT,Term Annual;TermDefined,16908
QB-API-MGMT;Term Annual;CHF,CHF,true,false,QB API Management Solution,Standard Price Book;true,QB-API-MGMT,Term Annual;TermDefined,9765
QB-API-MGMT;Term Annual;JPY,JPY,true,false,QB API Management Solution,Standard Price Book;true,QB-API-MGMT,Term Annual;TermDefined,1957040
QB-API-MGMT;Term Monthly;USD,USD,true,false,QB API Management Solution,Standard Price Book;true,QB-API-MGMT,Term Monthly;TermDefined,1000
QB-API-MGMT;Term Monthly;GBP,GBP,true,false,QB API Management Solution,Standard Price Book;true,QB-API-MGMT,Term Monthly;TermDefined,747.5
QB-API-MGMT;Term Monthly;EUR,EUR,true,false,QB API Management Solution,Standard Price Book;true,QB-API-MGMT,Term Monthly;TermDefined,876.5
QB-API-MGMT;Term Monthly;AUD,AUD,true,false,QB API Management Solution,Standard Price Book;true,QB-API-MGMT,Term Monthly;TermDefined,1430
QB-API-MGMT;Term Monthly;CAD,CAD,true,false,QB API Management Solution,Standard Price Book;true,QB-API-MGMT,Term Monthly;TermDefined,1409
QB-API-MGMT;Term Monthly;CHF,CHF,true,false,QB API Management Solution,Standard Price Book;true,QB-API-MGMT,Term Monthly;TermDefined,814
QB-API-MGMT;Term Monthly;JPY,JPY,true,false,QB API Management Solution,Standard Price Book;true,QB-API-MGMT,Term Monthly;TermDefined,163087
QB-API-PREP;Term Annual;USD,USD,true,false,Additional API Pre-Prod,Standard Price Book;true,QB-API-PREP,Term Annual;TermDefined,3240
QB-API-PREP;Term Annual;GBP,GBP,true,false,Additional API Pre-Prod,Standard Price Book;true,QB-API-PREP,Term Annual;TermDefined,2422.5
QB-API-PREP;Term Annual;EUR,EUR,true,false,Additional API Pre-Prod,Standard Price Book;true,QB-API-PREP,Term Annual;TermDefined,2839.5
QB-API-PREP;Term Annual;AUD,AUD,true,false,Additional API Pre-Prod,Standard Price Book;true,QB-API-PREP,Term Annual;TermDefined,4633.5
QB-API-PREP;Term Annual;CAD,CAD,true,false,Additional API Pre-Prod,Standard Price Book;true,QB-API-PREP,Term Annual;TermDefined,4565
QB-API-PREP;Term Annual;CHF,CHF,true,false,Additional API Pre-Prod,Standard Price Book;true,QB-API-PREP,Term Annual;TermDefined,2636.5
QB-API-PREP;Term Annual;JPY,JPY,true,false,Additional API Pre-Prod,Standard Price Book;true,QB-API-PREP,Term Annual;TermDefined,528401
QB-API-PROD;Term Annual;USD,USD,true,false,Additional API Prod,Standard Price Book;true,QB-API-PROD,Term Annual;TermDefined,3240
QB-API-PROD;Term Annual;GBP,GBP,true,false,Additional API Prod,Standard Price Book;true,QB-API-PROD,Term Annual;TermDefined,2422.5
QB-API-PROD;Term Annual;EUR,EUR,true,false,Additional API Prod,Standard Price Book;true,QB-API-PROD,Term Annual;TermDefined,2839.5
QB-API-PROD;Term Annual;AUD,AUD,true,false,Additional API Prod,Standard Price Book;true,QB-API-PROD,Term Annual;TermDefined,4633.5
QB-API-PROD;Term Annual;CAD,CAD,true,false,Additional API Prod,Standard Price Book;true,QB-API-PROD,Term Annual;TermDefined,4565
QB-API-PROD;Term Annual;CHF,CHF,true,false,Additional API Prod,Standard Price Book;true,QB-API-PROD,Term Annual;TermDefined,2636.5
QB-API-PROD;Term Annual;JPY,JPY,true,false,Additional API Prod,Standard Price Book;true,QB-API-PROD,Term Annual;TermDefined,528401
QB-API-REQT;Evergreen Monthly;USD,USD,true,false,API Access Requests (AEH),Standard Price Book;true,QB-API-REQT,Evergreen Monthly;Evergreen,5
QB-API-REQT;Evergreen Monthly;GBP,GBP,true,false,API Access Requests (AEH),Standard Price Book;true,QB-API-REQT,Evergreen Monthly;Evergreen,3.5
QB-API-REQT;Evergreen Monthly;EUR,EUR,true,false,API Access Requests (AEH),Standard Price Book;true,QB-API-REQT,Evergreen Monthly;Evergreen,4.5
QB-API-REQT;Evergreen Monthly;AUD,AUD,true,false,API Access Requests (AEH),Standard Price Book;true,QB-API-REQT,Evergreen Monthly;Evergreen,7
QB-API-REQT;Evergreen Monthly;CAD,CAD,true,false,API Access Requests (AEH),Standard Price Book;true,QB-API-REQT,Evergreen Monthly;Evergreen,7
QB-API-REQT;Evergreen Monthly;CHF,CHF,true,false,API Access Requests (AEH),Standard Price Book;true,QB-API-REQT,Evergreen Monthly;Evergreen,4
QB-API-REQT;Evergreen Monthly;JPY,JPY,true,false,API Access Requests (AEH),Standard Price Book;true,QB-API-REQT,Evergreen Monthly;Evergreen,815
QB-API-REQT;Term Annual;USD,USD,true,false,API Access Requests (AEH),Standard Price Book;true,QB-API-REQT,Term Annual;TermDefined,45
QB-API-REQT;Term Annual;GBP,GBP,true,false,API Access Requests (AEH),Standard Price Book;true,QB-API-REQT,Term Annual;TermDefined,33.5
QB-API-REQT;Term Annual;EUR,EUR,true,false,API Access Requests (AEH),Standard Price Book;true,QB-API-REQT,Term Annual;TermDefined,39.5
QB-API-REQT;Term Annual;AUD,AUD,true,false,API Access Requests (AEH),Standard Price Book;true,QB-API-REQT,Term Annual;TermDefined,64.5
QB-API-REQT;Term Annual;CAD,CAD,true,false,API Access Requests (AEH),Standard Price Book;true,QB-API-REQT,Term Annual;TermDefined,63.5
QB-API-REQT;Term Annual;CHF,CHF,true,false,API Access Requests (AEH),Standard Price Book;true,QB-API-REQT,Term Annual;TermDefined,36.5
QB-API-REQT;Term Annual;JPY,JPY,true,false,API Access Requests (AEH),Standard Price Book;true,QB-API-REQT,Term Annual;TermDefined,7339
QB-API-REQT;Term Monthly;USD,USD,true,false,API Access Requests (AEH),Standard Price Book;true,QB-API-REQT,Term Monthly;TermDefined,5
QB-API-REQT;Term Monthly;GBP,GBP,true,false,API Access Requests (AEH),Standard Price Book;true,QB-API-REQT,Term Monthly;TermDefined,3.5
QB-API-REQT;Term Monthly;EUR,EUR,true,false,API Access Requests (AEH),Standard Price Book;true,QB-API-REQT,Term Monthly;TermDefined,4.5
QB-API-REQT;Term Monthly;AUD,AUD,true,false,API Access Requests (AEH),Standard Price Book;true,QB-API-REQT,Term Monthly;TermDefined,7
QB-API-REQT;Term Monthly;CAD,CAD,true,false,API Access Requests (AEH),Standard Price Book;true,QB-API-REQT,Term Monthly;TermDefined,7
QB-API-REQT;Term Monthly;CHF,CHF,true,false,API Access Requests (AEH),Standard Price Book;true,QB-API-REQT,Term Monthly;TermDefined,4
QB-API-REQT;Term Monthly;JPY,JPY,true,false,API Access Requests (AEH),Standard Price Book;true,QB-API-REQT,Term Monthly;TermDefined,815
QB-AUT-CRED;Evergreen Monthly;USD,USD,true,false,Additional Automation QB Credits,Standard Price Book;true,QB-AUT-CRED,Evergreen Monthly;Evergreen,2.5
QB-AUT-CRED;Evergreen Monthly;GBP,GBP,true,false,Additional Automation QB Credits,Standard Price Book;true,QB-AUT-CRED,Evergreen Monthly;Evergreen,2
QB-AUT-CRED;Evergreen Monthly;EUR,EUR,true,false,Additional Automation QB Credits,Standard Price Book;true,QB-AUT-CRED,Evergreen Monthly;Evergreen,2
QB-AUT-CRED;Evergreen Monthly;AUD,AUD,true,false,Additional Automation QB Credits,Standard Price Book;true,QB-AUT-CRED,Evergreen Monthly;Evergreen,3.5
QB-AUT-CRED;Evergreen Monthly;CAD,CAD,true,false,Additional Automation QB Credits,Standard Price Book;true,QB-AUT-CRED,Evergreen Monthly;Evergreen,3.5
QB-AUT-CRED;Evergreen Monthly;CHF,CHF,true,false,Additional Automation QB Credits,Standard Price Book;true,QB-AUT-CRED,Evergreen Monthly;Evergreen,2
QB-AUT-CRED;Evergreen Monthly;JPY,JPY,true,false,Additional Automation QB Credits,Standard Price Book;true,QB-AUT-CRED,Evergreen Monthly;Evergreen,408
QB-AUT-CRED;Term Annual;USD,USD,true,false,Additional Automation QB Credits,Standard Price Book;true,QB-AUT-CRED,Term Annual;TermDefined,25
QB-AUT-CRED;Term Annual;GBP,GBP,true,false,Additional Automation QB Credits,Standard Price Book;true,QB-AUT-CRED,Term Annual;TermDefined,18.5
QB-AUT-CRED;Term Annual;EUR,EUR,true,false,Additional Automation QB Credits,Standard Price Book;true,QB-AUT-CRED,Term Annual;TermDefined,22
QB-AUT-CRED;Term Annual;AUD,AUD,true,false,Additional Automation QB Credits,Standard Price Book;true,QB-AUT-CRED,Term Annual;TermDefined,36
QB-AUT-CRED;Term Annual;CAD,CAD,true,false,Additional Automation QB Credits,Standard Price Book;true,QB-AUT-CRED,Term Annual;TermDefined,35
QB-AUT-CRED;Term Annual;CHF,CHF,true,false,Additional Automation QB Credits,Standard Price Book;true,QB-AUT-CRED,Term Annual;TermDefined,20.5
QB-AUT-CRED;Term Annual;JPY,JPY,true,false,Additional Automation QB Credits,Standard Price Book;true,QB-AUT-CRED,Term Annual;TermDefined,4077
QB-AUT-CRED;Term Monthly;USD,USD,true,false,Additional Automation QB Credits,Standard Price Book;true,QB-AUT-CRED,Term Monthly;TermDefined,2
QB-AUT-CRED;Term Monthly;GBP,GBP,true,false,Additional Automation QB Credits,Standard Price Book;true,QB-AUT-CRED,Term Monthly;TermDefined,1.5
QB-AUT-CRED;Term Monthly;EUR,EUR,true,false,Additional Automation QB Credits,Standard Price Book;true,QB-AUT-CRED,Term Monthly;TermDefined,2
QB-AUT-CRED;Term Monthly;AUD,AUD,true,false,Additional Automation QB Credits,Standard Price Book;true,QB-AUT-CRED,Term Monthly;TermDefined,3
QB-AUT-CRED;Term Monthly;CAD,CAD,true,false,Additional Automation QB Credits,Standard Price Book;true,QB-AUT-CRED,Term Monthly;TermDefined,3
QB-AUT-CRED;Term Monthly;CHF,CHF,true,false,Additional Automation QB Credits,Standard Price Book;true,QB-AUT-CRED,Term Monthly;TermDefined,1.5
QB-AUT-CRED;Term Monthly;JPY,JPY,true,false,Additional Automation QB Credits,Standard Price Book;true,QB-AUT-CRED,Term Monthly;TermDefined,326
QB-BDL-R750;One-Time;USD,USD,true,false,PowerSwerve R750 Rack Server,Standard Price Book;true,QB-BDL-R750,One-Time;OneTime,3899
QB-BDL-R750;One-Time;GBP,GBP,true,false,PowerSwerve R750 Rack Server,Standard Price Book;true,QB-BDL-R750,One-Time;OneTime,2915.5
QB-BDL-R750;One-Time;EUR,EUR,true,false,PowerSwerve R750 Rack Server,Standard Price Book;true,QB-BDL-R750,One-Time;OneTime,3417
QB-BDL-R750;One-Time;AUD,AUD,true,false,PowerSwerve R750 Rack Server,Standard Price Book;true,QB-BDL-R750,One-Time;OneTime,5576
QB-BDL-R750;One-Time;CAD,CAD,true,false,PowerSwerve R750 Rack Server,Standard Price Book;true,QB-BDL-R750,One-Time;OneTime,5493.5
QB-BDL-R750;One-Time;CHF,CHF,true,false,PowerSwerve R750 Rack Server,Standard Price Book;true,QB-BDL-R750,One-Time;OneTime,3173
QB-BDL-R750;One-Time;JPY,JPY,true,false,PowerSwerve R750 Rack Server,Standard Price Book;true,QB-BDL-R750,One-Time;OneTime,635875
QB-BDL-SRVC;One-Time;USD,USD,true,false,QuantumBit Services Project,Standard Price Book;true,QB-BDL-SRVC,One-Time;OneTime,0
QB-BDL-SRVC;One-Time;GBP,GBP,true,false,QuantumBit Services Project,Standard Price Book;true,QB-BDL-SRVC,One-Time;OneTime,0
QB-BDL-SRVC;One-Time;EUR,EUR,true,false,QuantumBit Services Project,Standard Price Book;true,QB-BDL-SRVC,One-Time;OneTime,0
QB-BDL-SRVC;One-Time;AUD,AUD,true,false,QuantumBit Services Project,Standard Price Book;true,QB-BDL-SRVC,One-Time;OneTime,0
QB-BDL-SRVC;One-Time;CAD,CAD,true,false,QuantumBit Services Project,Standard Price Book;true,QB-BDL-SRVC,One-Time;OneTime,0
QB-BDL-SRVC;One-Time;CHF,CHF,true,false,QuantumBit Services Project,Standard Price Book;true,QB-BDL-SRVC,One-Time;OneTime,0
QB-BDL-SRVC;One-Time;JPY,JPY,true,false,QuantumBit Services Project,Standard Price Book;true,QB-BDL-SRVC,One-Time;OneTime,0
QB-BDL-STND;One-Time;USD,USD,true,false,QuantumBit Starter,Standard Price Book;true,QB-BDL-STND,One-Time;OneTime,0
QB-BDL-STND;One-Time;GBP,GBP,true,false,QuantumBit Starter,Standard Price Book;true,QB-BDL-STND,One-Time;OneTime,0
QB-BDL-STND;One-Time;EUR,EUR,true,false,QuantumBit Starter,Standard Price Book;true,QB-BDL-STND,One-Time;OneTime,0
QB-BDL-STND;One-Time;AUD,AUD,true,false,QuantumBit Starter,Standard Price Book;true,QB-BDL-STND,One-Time;OneTime,0
QB-BDL-STND;One-Time;CAD,CAD,true,false,QuantumBit Starter,Standard Price Book;true,QB-BDL-STND,One-Time;OneTime,0
QB-BDL-STND;One-Time;CHF,CHF,true,false,QuantumBit Starter,Standard Price Book;true,QB-BDL-STND,One-Time;OneTime,0
QB-BDL-STND;One-Time;JPY,JPY,true,false,QuantumBit Starter,Standard Price Book;true,QB-BDL-STND,One-Time;OneTime,0
QB-BET X710SFP;One-Time;USD,USD,true,false,Intel X710 Dual Port 10Gb SFP,Standard Price Book;true,QB-BET X710SFP,One-Time;OneTime,1599
QB-BET X710SFP;One-Time;GBP,GBP,true,false,Intel X710 Dual Port 10Gb SFP,Standard Price Book;true,QB-BET X710SFP,One-Time;OneTime,1195.5
QB-BET X710SFP;One-Time;EUR,EUR,true,false,Intel X710 Dual Port 10Gb SFP,Standard Price Book;true,QB-BET X710SFP,One-Time;OneTime,1401.5
QB-BET X710SFP;One-Time;AUD,AUD,true,false,Intel X710 Dual Port 10Gb SFP,Standard Price Book;true,QB-BET X710SFP,One-Time;OneTime,2287
QB-BET X710SFP;One-Time;CAD,CAD,true,false,Intel X710 Dual Port 10Gb SFP,Standard Price Book;true,QB-BET X710SFP,One-Time;OneTime,2253
QB-BET X710SFP;One-Time;CHF,CHF,true,false,Intel X710 Dual Port 10Gb SFP,Standard Price Book;true,QB-BET X710SFP,One-Time;OneTime,1301
QB-BET X710SFP;One-Time;JPY,JPY,true,false,Intel X710 Dual Port 10Gb SFP,Standard Price Book;true,QB-BET X710SFP,One-Time;OneTime,260776
QB-CBOOST-150;One-Time;USD,USD,true,false,QB-CacheBoost 150,Standard Price Book;true,QB-CBOOST-150,One-Time;OneTime,389
QB-CBOOST-150;One-Time;GBP,GBP,true,false,QB-CacheBoost 150,Standard Price Book;true,QB-CBOOST-150,One-Time;OneTime,291
QB-CBOOST-150;One-Time;EUR,EUR,true,false,QB-CacheBoost 150,Standard Price Book;true,QB-CBOOST-150,One-Time;OneTime,341
QB-CBOOST-150;One-Time;AUD,AUD,true,false,QB-CacheBoost 150,Standard Price Book;true,QB-CBOOST-150,One-Time;OneTime,556.5
QB-CBOOST-150;One-Time;CAD,CAD,true,false,QB-CacheBoost 150,Standard Price Book;true,QB-CBOOST-150,One-Time;OneTime,548
QB-CBOOST-150;One-Time;CHF,CHF,true,false,QB-CacheBoost 150,Standard Price Book;true,QB-CBOOST-150,One-Time;OneTime,316.5
QB-CBOOST-150;One-Time;JPY,JPY,true,false,QB-CacheBoost 150,Standard Price Book;true,QB-CBOOST-150,One-Time;OneTime,63441
QB-CMPC-5882;One-Time;USD,USD,true,false,Configured Power Cable,Standard Price Book;true,QB-CMPC-5882,One-Time;OneTime,249
QB-CMPC-5882;One-Time;GBP,GBP,true,false,Configured Power Cable,Standard Price Book;true,QB-CMPC-5882,One-Time;OneTime,186
QB-CMPC-5882;One-Time;EUR,EUR,true,false,Configured Power Cable,Standard Price Book;true,QB-CMPC-5882,One-Time;OneTime,218
QB-CMPC-5882;One-Time;AUD,AUD,true,false,Configured Power Cable,Standard Price Book;true,QB-CMPC-5882,One-Time;OneTime,356
QB-CMPC-5882;One-Time;CAD,CAD,true,false,Configured Power Cable,Standard Price Book;true,QB-CMPC-5882,One-Time;OneTime,351
QB-CMPC-5882;One-Time;CHF,CHF,true,false,Configured Power Cable,Standard Price Book;true,QB-CMPC-5882,One-Time;OneTime,202.5
QB-CMPC-5882;One-Time;JPY,JPY,true,false,Configured Power Cable,Standard Price Book;true,QB-CMPC-5882,One-Time;OneTime,40609
QB-CMPC-5887;One-Time;USD,USD,true,false,C13 to C14 Power Cable 3',Standard Price Book;true,QB-CMPC-5887,One-Time;OneTime,250
QB-CMPC-5887;One-Time;GBP,GBP,true,false,C13 to C14 Power Cable 3',Standard Price Book;true,QB-CMPC-5887,One-Time;OneTime,187
QB-CMPC-5887;One-Time;EUR,EUR,true,false,C13 to C14 Power Cable 3',Standard Price Book;true,QB-CMPC-5887,One-Time;OneTime,219
QB-CMPC-5887;One-Time;AUD,AUD,true,false,C13 to C14 Power Cable 3',Standard Price Book;true,QB-CMPC-5887,One-Time;OneTime,357.5
QB-CMPC-5887;One-Time;CAD,CAD,true,false,C13 to C14 Power Cable 3',Standard Price Book;true,QB-CMPC-5887,One-Time;OneTime,352
QB-CMPC-5887;One-Time;CHF,CHF,true,false,C13 to C14 Power Cable 3',Standard Price Book;true,QB-CMPC-5887,One-Time;OneTime,203.5
QB-CMPC-5887;One-Time;JPY,JPY,true,false,C13 to C14 Power Cable 3',Standard Price Book;true,QB-CMPC-5887,One-Time;OneTime,40772
QB-CMT-TKN-EACH;Term Annual;USD,USD,true,false,QuantumBit Database (Token Commit - Each),Standard Price Book;true,QB-CMT-TKN-EACH,Term Annual;TermDefined,1000
QB-CMT-TKN-EACH;Term Annual;GBP,GBP,true,false,QuantumBit Database (Token Commit - Each),Standard Price Book;true,QB-CMT-TKN-EACH,Term Annual;TermDefined,747.5
QB-CMT-TKN-EACH;Term Annual;EUR,EUR,true,false,QuantumBit Database (Token Commit - Each),Standard Price Book;true,QB-CMT-TKN-EACH,Term Annual;TermDefined,876.5
QB-CMT-TKN-EACH;Term Annual;AUD,AUD,true,false,QuantumBit Database (Token Commit - Each),Standard Price Book;true,QB-CMT-TKN-EACH,Term Annual;TermDefined,1430
QB-CMT-TKN-EACH;Term Annual;CAD,CAD,true,false,QuantumBit Database (Token Commit - Each),Standard Price Book;true,QB-CMT-TKN-EACH,Term Annual;TermDefined,1409
QB-CMT-TKN-EACH;Term Annual;CHF,CHF,true,false,QuantumBit Database (Token Commit - Each),Standard Price Book;true,QB-CMT-TKN-EACH,Term Annual;TermDefined,814
QB-CMT-TKN-EACH;Term Annual;JPY,JPY,true,false,QuantumBit Database (Token Commit - Each),Standard Price Book;true,QB-CMT-TKN-EACH,Term Annual;TermDefined,163087
QB-CMT-TKN-FLAT;Term Annual;USD,USD,true,false,QuantumBit Database (Token Commit - Flat),Standard Price Book;true,QB-CMT-TKN-FLAT,Term Annual;TermDefined,1000
QB-CMT-TKN-FLAT;Term Annual;GBP,GBP,true,false,QuantumBit Database (Token Commit - Flat),Standard Price Book;true,QB-CMT-TKN-FLAT,Term Annual;TermDefined,747.5
QB-CMT-TKN-FLAT;Term Annual;EUR,EUR,true,false,QuantumBit Database (Token Commit - Flat),Standard Price Book;true,QB-CMT-TKN-FLAT,Term Annual;TermDefined,876.5
QB-CMT-TKN-FLAT;Term Annual;AUD,AUD,true,false,QuantumBit Database (Token Commit - Flat),Standard Price Book;true,QB-CMT-TKN-FLAT,Term Annual;TermDefined,1430
QB-CMT-TKN-FLAT;Term Annual;CAD,CAD,true,false,QuantumBit Database (Token Commit - Flat),Standard Price Book;true,QB-CMT-TKN-FLAT,Term Annual;TermDefined,1409
QB-CMT-TKN-FLAT;Term Annual;CHF,CHF,true,false,QuantumBit Database (Token Commit - Flat),Standard Price Book;true,QB-CMT-TKN-FLAT,Term Annual;TermDefined,814
QB-CMT-TKN-FLAT;Term Annual;JPY,JPY,true,false,QuantumBit Database (Token Commit - Flat),Standard Price Book;true,QB-CMT-TKN-FLAT,Term Annual;TermDefined,163087
QB-CMT-TKN-BND;Term Annual;USD,USD,true,false,QuantumBit Database (Token Commit - Bounded),Standard Price Book;true,QB-CMT-TKN-BND,Term Annual;TermDefined,1000
QB-CMT-TKN-BND;Term Annual;GBP,GBP,true,false,QuantumBit Database (Token Commit - Bounded),Standard Price Book;true,QB-CMT-TKN-BND,Term Annual;TermDefined,747.5
QB-CMT-TKN-BND;Term Annual;EUR,EUR,true,false,QuantumBit Database (Token Commit - Bounded),Standard Price Book;true,QB-CMT-TKN-BND,Term Annual;TermDefined,876.5
QB-CMT-TKN-BND;Term Annual;AUD,AUD,true,false,QuantumBit Database (Token Commit - Bounded),Standard Price Book;true,QB-CMT-TKN-BND,Term Annual;TermDefined,1430
QB-CMT-TKN-BND;Term Annual;CAD,CAD,true,false,QuantumBit Database (Token Commit - Bounded),Standard Price Book;true,QB-CMT-TKN-BND,Term Annual;TermDefined,1409
QB-CMT-TKN-BND;Term Annual;CHF,CHF,true,false,QuantumBit Database (Token Commit - Bounded),Standard Price Book;true,QB-CMT-TKN-BND,Term Annual;TermDefined,814
QB-CMT-TKN-BND;Term Annual;JPY,JPY,true,false,QuantumBit Database (Token Commit - Bounded),Standard Price Book;true,QB-CMT-TKN-BND,Term Annual;TermDefined,163087
QB-CMT-TKN-TIER;Term Annual;USD,USD,true,false,QuantumBit Database (Token Commit - Tier),Standard Price Book;true,QB-CMT-TKN-TIER,Term Annual;TermDefined,1000
QB-CMT-TKN-TIER;Term Annual;GBP,GBP,true,false,QuantumBit Database (Token Commit - Tier),Standard Price Book;true,QB-CMT-TKN-TIER,Term Annual;TermDefined,747.5
QB-CMT-TKN-TIER;Term Annual;EUR,EUR,true,false,QuantumBit Database (Token Commit - Tier),Standard Price Book;true,QB-CMT-TKN-TIER,Term Annual;TermDefined,876.5
QB-CMT-TKN-TIER;Term Annual;AUD,AUD,true,false,QuantumBit Database (Token Commit - Tier),Standard Price Book;true,QB-CMT-TKN-TIER,Term Annual;TermDefined,1430
QB-CMT-TKN-TIER;Term Annual;CAD,CAD,true,false,QuantumBit Database (Token Commit - Tier),Standard Price Book;true,QB-CMT-TKN-TIER,Term Annual;TermDefined,1409
QB-CMT-TKN-TIER;Term Annual;CHF,CHF,true,false,QuantumBit Database (Token Commit - Tier),Standard Price Book;true,QB-CMT-TKN-TIER,Term Annual;TermDefined,814
QB-CMT-TKN-TIER;Term Annual;JPY,JPY,true,false,QuantumBit Database (Token Commit - Tier),Standard Price Book;true,QB-CMT-TKN-TIER,Term Annual;TermDefined,163087
QB-COMPLETE;Evergreen Monthly;USD,USD,true,false,QuantumBit Complete Solution,Standard Price Book;true,QB-COMPLETE,Evergreen Monthly;Evergreen,0
QB-COMPLETE;Evergreen Monthly;GBP,GBP,true,false,QuantumBit Complete Solution,Standard Price Book;true,QB-COMPLETE,Evergreen Monthly;Evergreen,0
QB-COMPLETE;Evergreen Monthly;EUR,EUR,true,false,QuantumBit Complete Solution,Standard Price Book;true,QB-COMPLETE,Evergreen Monthly;Evergreen,0
QB-COMPLETE;Evergreen Monthly;AUD,AUD,true,false,QuantumBit Complete Solution,Standard Price Book;true,QB-COMPLETE,Evergreen Monthly;Evergreen,0
QB-COMPLETE;Evergreen Monthly;CAD,CAD,true,false,QuantumBit Complete Solution,Standard Price Book;true,QB-COMPLETE,Evergreen Monthly;Evergreen,0
QB-COMPLETE;Evergreen Monthly;CHF,CHF,true,false,QuantumBit Complete Solution,Standard Price Book;true,QB-COMPLETE,Evergreen Monthly;Evergreen,0
QB-COMPLETE;Evergreen Monthly;JPY,JPY,true,false,QuantumBit Complete Solution,Standard Price Book;true,QB-COMPLETE,Evergreen Monthly;Evergreen,0
QB-COMPLETE;One-Time;USD,USD,true,false,QuantumBit Complete Solution,Standard Price Book;true,QB-COMPLETE,One-Time;OneTime,0
QB-COMPLETE;One-Time;GBP,GBP,true,false,QuantumBit Complete Solution,Standard Price Book;true,QB-COMPLETE,One-Time;OneTime,0
QB-COMPLETE;One-Time;EUR,EUR,true,false,QuantumBit Complete Solution,Standard Price Book;true,QB-COMPLETE,One-Time;OneTime,0
QB-COMPLETE;One-Time;AUD,AUD,true,false,QuantumBit Complete Solution,Standard Price Book;true,QB-COMPLETE,One-Time;OneTime,0
QB-COMPLETE;One-Time;CAD,CAD,true,false,QuantumBit Complete Solution,Standard Price Book;true,QB-COMPLETE,One-Time;OneTime,0
QB-COMPLETE;One-Time;CHF,CHF,true,false,QuantumBit Complete Solution,Standard Price Book;true,QB-COMPLETE,One-Time;OneTime,0
QB-COMPLETE;One-Time;JPY,JPY,true,false,QuantumBit Complete Solution,Standard Price Book;true,QB-COMPLETE,One-Time;OneTime,0
QB-COMPLETE;Term Annual;USD,USD,true,false,QuantumBit Complete Solution,Standard Price Book;true,QB-COMPLETE,Term Annual;TermDefined,0
QB-COMPLETE;Term Annual;GBP,GBP,true,false,QuantumBit Complete Solution,Standard Price Book;true,QB-COMPLETE,Term Annual;TermDefined,0
QB-COMPLETE;Term Annual;EUR,EUR,true,false,QuantumBit Complete Solution,Standard Price Book;true,QB-COMPLETE,Term Annual;TermDefined,0
QB-COMPLETE;Term Annual;AUD,AUD,true,false,QuantumBit Complete Solution,Standard Price Book;true,QB-COMPLETE,Term Annual;TermDefined,0
QB-COMPLETE;Term Annual;CAD,CAD,true,false,QuantumBit Complete Solution,Standard Price Book;true,QB-COMPLETE,Term Annual;TermDefined,0
QB-COMPLETE;Term Annual;CHF,CHF,true,false,QuantumBit Complete Solution,Standard Price Book;true,QB-COMPLETE,Term Annual;TermDefined,0
QB-COMPLETE;Term Annual;JPY,JPY,true,false,QuantumBit Complete Solution,Standard Price Book;true,QB-COMPLETE,Term Annual;TermDefined,0
QB-COMPLETE;Term Monthly;USD,USD,true,false,QuantumBit Complete Solution,Standard Price Book;true,QB-COMPLETE,Term Monthly;TermDefined,0
QB-COMPLETE;Term Monthly;GBP,GBP,true,false,QuantumBit Complete Solution,Standard Price Book;true,QB-COMPLETE,Term Monthly;TermDefined,0
QB-COMPLETE;Term Monthly;EUR,EUR,true,false,QuantumBit Complete Solution,Standard Price Book;true,QB-COMPLETE,Term Monthly;TermDefined,0
QB-COMPLETE;Term Monthly;AUD,AUD,true,false,QuantumBit Complete Solution,Standard Price Book;true,QB-COMPLETE,Term Monthly;TermDefined,0
QB-COMPLETE;Term Monthly;CAD,CAD,true,false,QuantumBit Complete Solution,Standard Price Book;true,QB-COMPLETE,Term Monthly;TermDefined,0
QB-COMPLETE;Term Monthly;CHF,CHF,true,false,QuantumBit Complete Solution,Standard Price Book;true,QB-COMPLETE,Term Monthly;TermDefined,0
QB-COMPLETE;Term Monthly;JPY,JPY,true,false,QuantumBit Complete Solution,Standard Price Book;true,QB-COMPLETE,Term Monthly;TermDefined,0
QB-CPU-HEATSINK;One-Time;USD,USD,true,false,QB CPU Heat Sink,Standard Price Book;true,QB-CPU-HEATSINK,One-Time;OneTime,35
QB-CPU-HEATSINK;One-Time;GBP,GBP,true,false,QB CPU Heat Sink,Standard Price Book;true,QB-CPU-HEATSINK,One-Time;OneTime,26
QB-CPU-HEATSINK;One-Time;EUR,EUR,true,false,QB CPU Heat Sink,Standard Price Book;true,QB-CPU-HEATSINK,One-Time;OneTime,30.5
QB-CPU-HEATSINK;One-Time;AUD,AUD,true,false,QB CPU Heat Sink,Standard Price Book;true,QB-CPU-HEATSINK,One-Time;OneTime,50
QB-CPU-HEATSINK;One-Time;CAD,CAD,true,false,QB CPU Heat Sink,Standard Price Book;true,QB-CPU-HEATSINK,One-Time;OneTime,49.5
QB-CPU-HEATSINK;One-Time;CHF,CHF,true,false,QB CPU Heat Sink,Standard Price Book;true,QB-CPU-HEATSINK,One-Time;OneTime,28.5
QB-CPU-HEATSINK;One-Time;JPY,JPY,true,false,QB CPU Heat Sink,Standard Price Book;true,QB-CPU-HEATSINK,One-Time;OneTime,5708
QB-CS;Term Annual;USD,USD,true,false,QuantumBit Collaboration Suite,Standard Price Book;true,QB-CS,Term Annual;TermDefined,0
QB-CS;Term Annual;GBP,GBP,true,false,QuantumBit Collaboration Suite,Standard Price Book;true,QB-CS,Term Annual;TermDefined,0
QB-CS;Term Annual;EUR,EUR,true,false,QuantumBit Collaboration Suite,Standard Price Book;true,QB-CS,Term Annual;TermDefined,0
QB-CS;Term Annual;AUD,AUD,true,false,QuantumBit Collaboration Suite,Standard Price Book;true,QB-CS,Term Annual;TermDefined,0
QB-CS;Term Annual;CAD,CAD,true,false,QuantumBit Collaboration Suite,Standard Price Book;true,QB-CS,Term Annual;TermDefined,0
QB-CS;Term Annual;CHF,CHF,true,false,QuantumBit Collaboration Suite,Standard Price Book;true,QB-CS,Term Annual;TermDefined,0
QB-CS;Term Annual;JPY,JPY,true,false,QuantumBit Collaboration Suite,Standard Price Book;true,QB-CS,Term Annual;TermDefined,0
QB-CS;Term Monthly;USD,USD,true,false,QuantumBit Collaboration Suite,Standard Price Book;true,QB-CS,Term Monthly;TermDefined,0
QB-CS;Term Monthly;GBP,GBP,true,false,QuantumBit Collaboration Suite,Standard Price Book;true,QB-CS,Term Monthly;TermDefined,0
QB-CS;Term Monthly;EUR,EUR,true,false,QuantumBit Collaboration Suite,Standard Price Book;true,QB-CS,Term Monthly;TermDefined,0
QB-CS;Term Monthly;AUD,AUD,true,false,QuantumBit Collaboration Suite,Standard Price Book;true,QB-CS,Term Monthly;TermDefined,0
QB-CS;Term Monthly;CAD,CAD,true,false,QuantumBit Collaboration Suite,Standard Price Book;true,QB-CS,Term Monthly;TermDefined,0
QB-CS;Term Monthly;CHF,CHF,true,false,QuantumBit Collaboration Suite,Standard Price Book;true,QB-CS,Term Monthly;TermDefined,0
QB-CS;Term Monthly;JPY,JPY,true,false,QuantumBit Collaboration Suite,Standard Price Book;true,QB-CS,Term Monthly;TermDefined,0
QB-DAT-GRPH;Term Annual;USD,USD,true,false,Additional QB DataGraph (500M),Standard Price Book;true,QB-DAT-GRPH,Term Annual;TermDefined,25000
QB-DAT-GRPH;Term Annual;GBP,GBP,true,false,Additional QB DataGraph (500M),Standard Price Book;true,QB-DAT-GRPH,Term Annual;TermDefined,18693
QB-DAT-GRPH;Term Annual;EUR,EUR,true,false,Additional QB DataGraph (500M),Standard Price Book;true,QB-DAT-GRPH,Term Annual;TermDefined,21909
QB-DAT-GRPH;Term Annual;AUD,AUD,true,false,Additional QB DataGraph (500M),Standard Price Book;true,QB-DAT-GRPH,Term Annual;TermDefined,35753.5
QB-DAT-GRPH;Term Annual;CAD,CAD,true,false,Additional QB DataGraph (500M),Standard Price Book;true,QB-DAT-GRPH,Term Annual;TermDefined,35224.5
QB-DAT-GRPH;Term Annual;CHF,CHF,true,false,Additional QB DataGraph (500M),Standard Price Book;true,QB-DAT-GRPH,Term Annual;TermDefined,20344
QB-DAT-GRPH;Term Annual;JPY,JPY,true,false,Additional QB DataGraph (500M),Standard Price Book;true,QB-DAT-GRPH,Term Annual;TermDefined,4077166
QB-DAT-THPT;Evergreen Monthly;USD,USD,true,false,Additional Data Throughput,Standard Price Book;true,QB-DAT-THPT,Evergreen Monthly;Evergreen,0
QB-DAT-THPT;Evergreen Monthly;GBP,GBP,true,false,Additional Data Throughput,Standard Price Book;true,QB-DAT-THPT,Evergreen Monthly;Evergreen,0
QB-DAT-THPT;Evergreen Monthly;EUR,EUR,true,false,Additional Data Throughput,Standard Price Book;true,QB-DAT-THPT,Evergreen Monthly;Evergreen,0
QB-DAT-THPT;Evergreen Monthly;AUD,AUD,true,false,Additional Data Throughput,Standard Price Book;true,QB-DAT-THPT,Evergreen Monthly;Evergreen,0
QB-DAT-THPT;Evergreen Monthly;CAD,CAD,true,false,Additional Data Throughput,Standard Price Book;true,QB-DAT-THPT,Evergreen Monthly;Evergreen,0
QB-DAT-THPT;Evergreen Monthly;CHF,CHF,true,false,Additional Data Throughput,Standard Price Book;true,QB-DAT-THPT,Evergreen Monthly;Evergreen,0
QB-DAT-THPT;Evergreen Monthly;JPY,JPY,true,false,Additional Data Throughput,Standard Price Book;true,QB-DAT-THPT,Evergreen Monthly;Evergreen,0
QB-DAT-THPT;Term Annual;USD,USD,true,false,Additional Data Throughput,Standard Price Book;true,QB-DAT-THPT,Term Annual;TermDefined,0
QB-DAT-THPT;Term Annual;GBP,GBP,true,false,Additional Data Throughput,Standard Price Book;true,QB-DAT-THPT,Term Annual;TermDefined,0
QB-DAT-THPT;Term Annual;EUR,EUR,true,false,Additional Data Throughput,Standard Price Book;true,QB-DAT-THPT,Term Annual;TermDefined,0
QB-DAT-THPT;Term Annual;AUD,AUD,true,false,Additional Data Throughput,Standard Price Book;true,QB-DAT-THPT,Term Annual;TermDefined,0
QB-DAT-THPT;Term Annual;CAD,CAD,true,false,Additional Data Throughput,Standard Price Book;true,QB-DAT-THPT,Term Annual;TermDefined,0
QB-DAT-THPT;Term Annual;CHF,CHF,true,false,Additional Data Throughput,Standard Price Book;true,QB-DAT-THPT,Term Annual;TermDefined,0
QB-DAT-THPT;Term Annual;JPY,JPY,true,false,Additional Data Throughput,Standard Price Book;true,QB-DAT-THPT,Term Annual;TermDefined,0
QB-DAT-THPT;Term Monthly;USD,USD,true,false,Additional Data Throughput,Standard Price Book;true,QB-DAT-THPT,Term Monthly;TermDefined,0
QB-DAT-THPT;Term Monthly;GBP,GBP,true,false,Additional Data Throughput,Standard Price Book;true,QB-DAT-THPT,Term Monthly;TermDefined,0
QB-DAT-THPT;Term Monthly;EUR,EUR,true,false,Additional Data Throughput,Standard Price Book;true,QB-DAT-THPT,Term Monthly;TermDefined,0
QB-DAT-THPT;Term Monthly;AUD,AUD,true,false,Additional Data Throughput,Standard Price Book;true,QB-DAT-THPT,Term Monthly;TermDefined,0
QB-DAT-THPT;Term Monthly;CAD,CAD,true,false,Additional Data Throughput,Standard Price Book;true,QB-DAT-THPT,Term Monthly;TermDefined,0
QB-DAT-THPT;Term Monthly;CHF,CHF,true,false,Additional Data Throughput,Standard Price Book;true,QB-DAT-THPT,Term Monthly;TermDefined,0
QB-DAT-THPT;Term Monthly;JPY,JPY,true,false,Additional Data Throughput,Standard Price Book;true,QB-DAT-THPT,Term Monthly;TermDefined,0
QB-DB;Term Annual;USD,USD,true,false,QuantumBit Database,Standard Price Book;true,QB-DB,Term Annual;TermDefined,12000
QB-DB;Term Annual;GBP,GBP,true,false,QuantumBit Database,Standard Price Book;true,QB-DB,Term Annual;TermDefined,8972.5
QB-DB;Term Annual;EUR,EUR,true,false,QuantumBit Database,Standard Price Book;true,QB-DB,Term Annual;TermDefined,10516.5
QB-DB;Term Annual;AUD,AUD,true,false,QuantumBit Database,Standard Price Book;true,QB-DB,Term Annual;TermDefined,17161.5
QB-DB;Term Annual;CAD,CAD,true,false,QuantumBit Database,Standard Price Book;true,QB-DB,Term Annual;TermDefined,16908
QB-DB;Term Annual;CHF,CHF,true,false,QuantumBit Database,Standard Price Book;true,QB-DB,Term Annual;TermDefined,9765
QB-DB;Term Annual;JPY,JPY,true,false,QuantumBit Database,Standard Price Book;true,QB-DB,Term Annual;TermDefined,1957040
QB-DB-TOKEN;Term Annual;USD,USD,true,false,QuantumBit Database (Token Based),Standard Price Book;true,QB-DB-TOKEN,Term Annual;TermDefined,12000
QB-DB-TOKEN;Term Annual;GBP,GBP,true,false,QuantumBit Database (Token Based),Standard Price Book;true,QB-DB-TOKEN,Term Annual;TermDefined,8972.5
QB-DB-TOKEN;Term Annual;EUR,EUR,true,false,QuantumBit Database (Token Based),Standard Price Book;true,QB-DB-TOKEN,Term Annual;TermDefined,10516.5
QB-DB-TOKEN;Term Annual;AUD,AUD,true,false,QuantumBit Database (Token Based),Standard Price Book;true,QB-DB-TOKEN,Term Annual;TermDefined,17161.5
QB-DB-TOKEN;Term Annual;CAD,CAD,true,false,QuantumBit Database (Token Based),Standard Price Book;true,QB-DB-TOKEN,Term Annual;TermDefined,16908
QB-DB-TOKEN;Term Annual;CHF,CHF,true,false,QuantumBit Database (Token Based),Standard Price Book;true,QB-DB-TOKEN,Term Annual;TermDefined,9765
QB-DB-TOKEN;Term Annual;JPY,JPY,true,false,QuantumBit Database (Token Based),Standard Price Book;true,QB-DB-TOKEN,Term Annual;TermDefined,1957040
QB-FLO-STRT;Evergreen Monthly;USD,USD,true,false,Additional Flows - QB Starter,Standard Price Book;true,QB-FLO-STRT,Evergreen Monthly;Evergreen,2000
QB-FLO-STRT;Evergreen Monthly;GBP,GBP,true,false,Additional Flows - QB Starter,Standard Price Book;true,QB-FLO-STRT,Evergreen Monthly;Evergreen,1495.5
QB-FLO-STRT;Evergreen Monthly;EUR,EUR,true,false,Additional Flows - QB Starter,Standard Price Book;true,QB-FLO-STRT,Evergreen Monthly;Evergreen,1752.5
QB-FLO-STRT;Evergreen Monthly;AUD,AUD,true,false,Additional Flows - QB Starter,Standard Price Book;true,QB-FLO-STRT,Evergreen Monthly;Evergreen,2860.5
QB-FLO-STRT;Evergreen Monthly;CAD,CAD,true,false,Additional Flows - QB Starter,Standard Price Book;true,QB-FLO-STRT,Evergreen Monthly;Evergreen,2818
QB-FLO-STRT;Evergreen Monthly;CHF,CHF,true,false,Additional Flows - QB Starter,Standard Price Book;true,QB-FLO-STRT,Evergreen Monthly;Evergreen,1627.5
QB-FLO-STRT;Evergreen Monthly;JPY,JPY,true,false,Additional Flows - QB Starter,Standard Price Book;true,QB-FLO-STRT,Evergreen Monthly;Evergreen,326173
QB-FLO-STRT;Term Annual;USD,USD,true,false,Additional Flows - QB Starter,Standard Price Book;true,QB-FLO-STRT,Term Annual;TermDefined,24000
QB-FLO-STRT;Term Annual;GBP,GBP,true,false,Additional Flows - QB Starter,Standard Price Book;true,QB-FLO-STRT,Term Annual;TermDefined,17945.5
QB-FLO-STRT;Term Annual;EUR,EUR,true,false,Additional Flows - QB Starter,Standard Price Book;true,QB-FLO-STRT,Term Annual;TermDefined,21032.5
QB-FLO-STRT;Term Annual;AUD,AUD,true,false,Additional Flows - QB Starter,Standard Price Book;true,QB-FLO-STRT,Term Annual;TermDefined,34323.5
QB-FLO-STRT;Term Annual;CAD,CAD,true,false,Additional Flows - QB Starter,Standard Price Book;true,QB-FLO-STRT,Term Annual;TermDefined,33815.5
QB-FLO-STRT;Term Annual;CHF,CHF,true,false,Additional Flows - QB Starter,Standard Price Book;true,QB-FLO-STRT,Term Annual;TermDefined,19530
QB-FLO-STRT;Term Annual;JPY,JPY,true,false,Additional Flows - QB Starter,Standard Price Book;true,QB-FLO-STRT,Term Annual;TermDefined,3914079
QB-FLO-STRT;Term Monthly;USD,USD,true,false,Additional Flows - QB Starter,Standard Price Book;true,QB-FLO-STRT,Term Monthly;TermDefined,1500
QB-FLO-STRT;Term Monthly;GBP,GBP,true,false,Additional Flows - QB Starter,Standard Price Book;true,QB-FLO-STRT,Term Monthly;TermDefined,1121.5
QB-FLO-STRT;Term Monthly;EUR,EUR,true,false,Additional Flows - QB Starter,Standard Price Book;true,QB-FLO-STRT,Term Monthly;TermDefined,1314.5
QB-FLO-STRT;Term Monthly;AUD,AUD,true,false,Additional Flows - QB Starter,Standard Price Book;true,QB-FLO-STRT,Term Monthly;TermDefined,2145
QB-FLO-STRT;Term Monthly;CAD,CAD,true,false,Additional Flows - QB Starter,Standard Price Book;true,QB-FLO-STRT,Term Monthly;TermDefined,2113.5
QB-FLO-STRT;Term Monthly;CHF,CHF,true,false,Additional Flows - QB Starter,Standard Price Book;true,QB-FLO-STRT,Term Monthly;TermDefined,1220.5
QB-FLO-STRT;Term Monthly;JPY,JPY,true,false,Additional Flows - QB Starter,Standard Price Book;true,QB-FLO-STRT,Term Monthly;TermDefined,244630
QB-GEN-AI-LIC;Term Annual;USD,USD,true,false,QuantumBit Generative AI License,Standard Price Book;true,QB-GEN-AI-LIC,Term Annual;TermDefined,149.99
QB-GEN-AI-LIC;Term Annual;GBP,GBP,true,false,QuantumBit Generative AI License,Standard Price Book;true,QB-GEN-AI-LIC,Term Annual;TermDefined,112
QB-GEN-AI-LIC;Term Annual;EUR,EUR,true,false,QuantumBit Generative AI License,Standard Price Book;true,QB-GEN-AI-LIC,Term Annual;TermDefined,131.5
QB-GEN-AI-LIC;Term Annual;AUD,AUD,true,false,QuantumBit Generative AI License,Standard Price Book;true,QB-GEN-AI-LIC,Term Annual;TermDefined,214.5
QB-GEN-AI-LIC;Term Annual;CAD,CAD,true,false,QuantumBit Generative AI License,Standard Price Book;true,QB-GEN-AI-LIC,Term Annual;TermDefined,211.5
QB-GEN-AI-LIC;Term Annual;CHF,CHF,true,false,QuantumBit Generative AI License,Standard Price Book;true,QB-GEN-AI-LIC,Term Annual;TermDefined,122
QB-GEN-AI-LIC;Term Annual;JPY,JPY,true,false,QuantumBit Generative AI License,Standard Price Book;true,QB-GEN-AI-LIC,Term Annual;TermDefined,24461
QB-HD 1.2TB;One-Time;USD,USD,true,false,1TB 10k RPM (2.5in),Standard Price Book;true,QB-HD 1.2TB,One-Time;OneTime,250
QB-HD 1.2TB;One-Time;GBP,GBP,true,false,1TB 10k RPM (2.5in),Standard Price Book;true,QB-HD 1.2TB,One-Time;OneTime,187
QB-HD 1.2TB;One-Time;EUR,EUR,true,false,1TB 10k RPM (2.5in),Standard Price Book;true,QB-HD 1.2TB,One-Time;OneTime,219
QB-HD 1.2TB;One-Time;AUD,AUD,true,false,1TB 10k RPM (2.5in),Standard Price Book;true,QB-HD 1.2TB,One-Time;OneTime,357.5
QB-HD 1.2TB;One-Time;CAD,CAD,true,false,1TB 10k RPM (2.5in),Standard Price Book;true,QB-HD 1.2TB,One-Time;OneTime,352
QB-HD 1.2TB;One-Time;CHF,CHF,true,false,1TB 10k RPM (2.5in),Standard Price Book;true,QB-HD 1.2TB,One-Time;OneTime,203.5
QB-HD 1.2TB;One-Time;JPY,JPY,true,false,1TB 10k RPM (2.5in),Standard Price Book;true,QB-HD 1.2TB,One-Time;OneTime,40772
QB-HD 1TB;One-Time;USD,USD,true,false,1TB 7.2k RPM NLSAS,Standard Price Book;true,QB-HD 1TB,One-Time;OneTime,499
QB-HD 1TB;One-Time;GBP,GBP,true,false,1TB 7.2k RPM NLSAS,Standard Price Book;true,QB-HD 1TB,One-Time;OneTime,373
QB-HD 1TB;One-Time;EUR,EUR,true,false,1TB 7.2k RPM NLSAS,Standard Price Book;true,QB-HD 1TB,One-Time;OneTime,437.5
QB-HD 1TB;One-Time;AUD,AUD,true,false,1TB 7.2k RPM NLSAS,Standard Price Book;true,QB-HD 1TB,One-Time;OneTime,713.5
QB-HD 1TB;One-Time;CAD,CAD,true,false,1TB 7.2k RPM NLSAS,Standard Price Book;true,QB-HD 1TB,One-Time;OneTime,703
QB-HD 1TB;One-Time;CHF,CHF,true,false,1TB 7.2k RPM NLSAS,Standard Price Book;true,QB-HD 1TB,One-Time;OneTime,406
QB-HD 1TB;One-Time;JPY,JPY,true,false,1TB 7.2k RPM NLSAS,Standard Price Book;true,QB-HD 1TB,One-Time;OneTime,81380
QB-HD 20TB;One-Time;USD,USD,true,false,20TB 7.2k RPM NLSAS (3.5in),Standard Price Book;true,QB-HD 20TB,One-Time;OneTime,1848
QB-HD 20TB;One-Time;GBP,GBP,true,false,20TB 7.2k RPM NLSAS (3.5in),Standard Price Book;true,QB-HD 20TB,One-Time;OneTime,1382
QB-HD 20TB;One-Time;EUR,EUR,true,false,20TB 7.2k RPM NLSAS (3.5in),Standard Price Book;true,QB-HD 20TB,One-Time;OneTime,1619.5
QB-HD 20TB;One-Time;AUD,AUD,true,false,20TB 7.2k RPM NLSAS (3.5in),Standard Price Book;true,QB-HD 20TB,One-Time;OneTime,2643
QB-HD 20TB;One-Time;CAD,CAD,true,false,20TB 7.2k RPM NLSAS (3.5in),Standard Price Book;true,QB-HD 20TB,One-Time;OneTime,2604
QB-HD 20TB;One-Time;CHF,CHF,true,false,20TB 7.2k RPM NLSAS (3.5in),Standard Price Book;true,QB-HD 20TB,One-Time;OneTime,1504
QB-HD 20TB;One-Time;JPY,JPY,true,false,20TB 7.2k RPM NLSAS (3.5in),Standard Price Book;true,QB-HD 20TB,One-Time;OneTime,301384
QB-HD 3TB;One-Time;USD,USD,true,false,3TB 10k RPM (2.5in),Standard Price Book;true,QB-HD 3TB,One-Time;OneTime,450
QB-HD 3TB;One-Time;GBP,GBP,true,false,3TB 10k RPM (2.5in),Standard Price Book;true,QB-HD 3TB,One-Time;OneTime,336.5
QB-HD 3TB;One-Time;EUR,EUR,true,false,3TB 10k RPM (2.5in),Standard Price Book;true,QB-HD 3TB,One-Time;OneTime,394.5
QB-HD 3TB;One-Time;AUD,AUD,true,false,3TB 10k RPM (2.5in),Standard Price Book;true,QB-HD 3TB,One-Time;OneTime,643.5
QB-HD 3TB;One-Time;CAD,CAD,true,false,3TB 10k RPM (2.5in),Standard Price Book;true,QB-HD 3TB,One-Time;OneTime,634
QB-HD 3TB;One-Time;CHF,CHF,true,false,3TB 10k RPM (2.5in),Standard Price Book;true,QB-HD 3TB,One-Time;OneTime,366
QB-HD 3TB;One-Time;JPY,JPY,true,false,3TB 10k RPM (2.5in),Standard Price Book;true,QB-HD 3TB,One-Time;OneTime,73389
QB-HD 4TB;One-Time;USD,USD,true,false,4TB 7.2k RPM NLSAS,Standard Price Book;true,QB-HD 4TB,One-Time;OneTime,799
QB-HD 4TB;One-Time;GBP,GBP,true,false,4TB 7.2k RPM NLSAS,Standard Price Book;true,QB-HD 4TB,One-Time;OneTime,597.5
QB-HD 4TB;One-Time;EUR,EUR,true,false,4TB 7.2k RPM NLSAS,Standard Price Book;true,QB-HD 4TB,One-Time;OneTime,700
QB-HD 4TB;One-Time;AUD,AUD,true,false,4TB 7.2k RPM NLSAS,Standard Price Book;true,QB-HD 4TB,One-Time;OneTime,1142.5
QB-HD 4TB;One-Time;CAD,CAD,true,false,4TB 7.2k RPM NLSAS,Standard Price Book;true,QB-HD 4TB,One-Time;OneTime,1126
QB-HD 4TB;One-Time;CHF,CHF,true,false,4TB 7.2k RPM NLSAS,Standard Price Book;true,QB-HD 4TB,One-Time;OneTime,650
QB-HD 4TB;One-Time;JPY,JPY,true,false,4TB 7.2k RPM NLSAS,Standard Price Book;true,QB-HD 4TB,One-Time;OneTime,130306
QB-HD 8TB;One-Time;USD,USD,true,false,8TB 7.2k RPM NLSAS,Standard Price Book;true,QB-HD 8TB,One-Time;OneTime,999
QB-HD 8TB;One-Time;GBP,GBP,true,false,8TB 7.2k RPM NLSAS,Standard Price Book;true,QB-HD 8TB,One-Time;OneTime,747
QB-HD 8TB;One-Time;EUR,EUR,true,false,8TB 7.2k RPM NLSAS,Standard Price Book;true,QB-HD 8TB,One-Time;OneTime,875.5
QB-HD 8TB;One-Time;AUD,AUD,true,false,8TB 7.2k RPM NLSAS,Standard Price Book;true,QB-HD 8TB,One-Time;OneTime,1428.5
QB-HD 8TB;One-Time;CAD,CAD,true,false,8TB 7.2k RPM NLSAS,Standard Price Book;true,QB-HD 8TB,One-Time;OneTime,1407.5
QB-HD 8TB;One-Time;CHF,CHF,true,false,8TB 7.2k RPM NLSAS,Standard Price Book;true,QB-HD 8TB,One-Time;OneTime,813
QB-HD 8TB;One-Time;JPY,JPY,true,false,8TB 7.2k RPM NLSAS,Standard Price Book;true,QB-HD 8TB,One-Time;OneTime,162924
QB-HD 8TBSE;One-Time;USD,USD,true,false,8TB 7.2k RPM Self-Encrypting NLSAS,Standard Price Book;true,QB-HD 8TBSE,One-Time;OneTime,1199
QB-HD 8TBSE;One-Time;GBP,GBP,true,false,8TB 7.2k RPM Self-Encrypting NLSAS,Standard Price Book;true,QB-HD 8TBSE,One-Time;OneTime,896.5
QB-HD 8TBSE;One-Time;EUR,EUR,true,false,8TB 7.2k RPM Self-Encrypting NLSAS,Standard Price Book;true,QB-HD 8TBSE,One-Time;OneTime,1051
QB-HD 8TBSE;One-Time;AUD,AUD,true,false,8TB 7.2k RPM Self-Encrypting NLSAS,Standard Price Book;true,QB-HD 8TBSE,One-Time;OneTime,1714.5
QB-HD 8TBSE;One-Time;CAD,CAD,true,false,8TB 7.2k RPM Self-Encrypting NLSAS,Standard Price Book;true,QB-HD 8TBSE,One-Time;OneTime,1689.5
QB-HD 8TBSE;One-Time;CHF,CHF,true,false,8TB 7.2k RPM Self-Encrypting NLSAS,Standard Price Book;true,QB-HD 8TBSE,One-Time;OneTime,975.5
QB-HD 8TBSE;One-Time;JPY,JPY,true,false,8TB 7.2k RPM Self-Encrypting NLSAS,Standard Price Book;true,QB-HD 8TBSE,One-Time;OneTime,195541
QB-INTEL E5-2609;One-Time;USD,USD,true,false,Intel Xeon E5-2609 v4 1.7GHz,Standard Price Book;true,QB-INTEL E5-2609,One-Time;OneTime,1499
QB-INTEL E5-2609;One-Time;GBP,GBP,true,false,Intel Xeon E5-2609 v4 1.7GHz,Standard Price Book;true,QB-INTEL E5-2609,One-Time;OneTime,1121
QB-INTEL E5-2609;One-Time;EUR,EUR,true,false,Intel Xeon E5-2609 v4 1.7GHz,Standard Price Book;true,QB-INTEL E5-2609,One-Time;OneTime,1313.5
QB-INTEL E5-2609;One-Time;AUD,AUD,true,false,Intel Xeon E5-2609 v4 1.7GHz,Standard Price Book;true,QB-INTEL E5-2609,One-Time;OneTime,2144
QB-INTEL E5-2609;One-Time;CAD,CAD,true,false,Intel Xeon E5-2609 v4 1.7GHz,Standard Price Book;true,QB-INTEL E5-2609,One-Time;OneTime,2112
QB-INTEL E5-2609;One-Time;CHF,CHF,true,false,Intel Xeon E5-2609 v4 1.7GHz,Standard Price Book;true,QB-INTEL E5-2609,One-Time;OneTime,1220
QB-INTEL E5-2609;One-Time;JPY,JPY,true,false,Intel Xeon E5-2609 v4 1.7GHz,Standard Price Book;true,QB-INTEL E5-2609,One-Time;OneTime,244467
QB-INTEL E5-2660;One-Time;USD,USD,true,false,Intel Xeon E5-2660 v4 2.0GHz,Standard Price Book;true,QB-INTEL E5-2660,One-Time;OneTime,1699
QB-INTEL E5-2660;One-Time;GBP,GBP,true,false,Intel Xeon E5-2660 v4 2.0GHz,Standard Price Book;true,QB-INTEL E5-2660,One-Time;OneTime,1270.5
QB-INTEL E5-2660;One-Time;EUR,EUR,true,false,Intel Xeon E5-2660 v4 2.0GHz,Standard Price Book;true,QB-INTEL E5-2660,One-Time;OneTime,1489
QB-INTEL E5-2660;One-Time;AUD,AUD,true,false,Intel Xeon E5-2660 v4 2.0GHz,Standard Price Book;true,QB-INTEL E5-2660,One-Time;OneTime,2430
QB-INTEL E5-2660;One-Time;CAD,CAD,true,false,Intel Xeon E5-2660 v4 2.0GHz,Standard Price Book;true,QB-INTEL E5-2660,One-Time;OneTime,2394
QB-INTEL E5-2660;One-Time;CHF,CHF,true,false,Intel Xeon E5-2660 v4 2.0GHz,Standard Price Book;true,QB-INTEL E5-2660,One-Time;OneTime,1382.5
QB-INTEL E5-2660;One-Time;JPY,JPY,true,false,Intel Xeon E5-2660 v4 2.0GHz,Standard Price Book;true,QB-INTEL E5-2660,One-Time;OneTime,277084
QB-INTEL E5-2667;One-Time;USD,USD,true,false,Intel Xeon E5-2667 v4 3.2GHz,Standard Price Book;true,QB-INTEL E5-2667,One-Time;OneTime,2499
QB-INTEL E5-2667;One-Time;GBP,GBP,true,false,Intel Xeon E5-2667 v4 3.2GHz,Standard Price Book;true,QB-INTEL E5-2667,One-Time;OneTime,1868.5
QB-INTEL E5-2667;One-Time;EUR,EUR,true,false,Intel Xeon E5-2667 v4 3.2GHz,Standard Price Book;true,QB-INTEL E5-2667,One-Time;OneTime,2190
QB-INTEL E5-2667;One-Time;AUD,AUD,true,false,Intel Xeon E5-2667 v4 3.2GHz,Standard Price Book;true,QB-INTEL E5-2667,One-Time;OneTime,3574
QB-INTEL E5-2667;One-Time;CAD,CAD,true,false,Intel Xeon E5-2667 v4 3.2GHz,Standard Price Book;true,QB-INTEL E5-2667,One-Time;OneTime,3521
QB-INTEL E5-2667;One-Time;CHF,CHF,true,false,Intel Xeon E5-2667 v4 3.2GHz,Standard Price Book;true,QB-INTEL E5-2667,One-Time;OneTime,2033.5
QB-INTEL E5-2667;One-Time;JPY,JPY,true,false,Intel Xeon E5-2667 v4 3.2GHz,Standard Price Book;true,QB-INTEL E5-2667,One-Time;OneTime,407554
QB-INTEL E5-2683;One-Time;USD,USD,true,false,Intel Xeon E5-2683 v4 2.1GHz,Standard Price Book;true,QB-INTEL E5-2683,One-Time;OneTime,1399
QB-INTEL E5-2683;One-Time;GBP,GBP,true,false,Intel Xeon E5-2683 v4 2.1GHz,Standard Price Book;true,QB-INTEL E5-2683,One-Time;OneTime,1046
QB-INTEL E5-2683;One-Time;EUR,EUR,true,false,Intel Xeon E5-2683 v4 2.1GHz,Standard Price Book;true,QB-INTEL E5-2683,One-Time;OneTime,1226
QB-INTEL E5-2683;One-Time;AUD,AUD,true,false,Intel Xeon E5-2683 v4 2.1GHz,Standard Price Book;true,QB-INTEL E5-2683,One-Time;OneTime,2001
QB-INTEL E5-2683;One-Time;CAD,CAD,true,false,Intel Xeon E5-2683 v4 2.1GHz,Standard Price Book;true,QB-INTEL E5-2683,One-Time;OneTime,1971
QB-INTEL E5-2683;One-Time;CHF,CHF,true,false,Intel Xeon E5-2683 v4 2.1GHz,Standard Price Book;true,QB-INTEL E5-2683,One-Time;OneTime,1138.5
QB-INTEL E5-2683;One-Time;JPY,JPY,true,false,Intel Xeon E5-2683 v4 2.1GHz,Standard Price Book;true,QB-INTEL E5-2683,One-Time;OneTime,228158
QB-INTEL-GOLD-5318N;One-Time;USD,USD,true,false,"Intel Xeon Gold 5318N 2.1GHz, 24C/48T",Standard Price Book;true,QB-INTEL-GOLD-5318N,One-Time;OneTime,1999
QB-INTEL-GOLD-5318N;One-Time;GBP,GBP,true,false,"Intel Xeon Gold 5318N 2.1GHz, 24C/48T",Standard Price Book;true,QB-INTEL-GOLD-5318N,One-Time;OneTime,1494.5
QB-INTEL-GOLD-5318N;One-Time;EUR,EUR,true,false,"Intel Xeon Gold 5318N 2.1GHz, 24C/48T",Standard Price Book;true,QB-INTEL-GOLD-5318N,One-Time;OneTime,1752
QB-INTEL-GOLD-5318N;One-Time;AUD,AUD,true,false,"Intel Xeon Gold 5318N 2.1GHz, 24C/48T",Standard Price Book;true,QB-INTEL-GOLD-5318N,One-Time;OneTime,2859
QB-INTEL-GOLD-5318N;One-Time;CAD,CAD,true,false,"Intel Xeon Gold 5318N 2.1GHz, 24C/48T",Standard Price Book;true,QB-INTEL-GOLD-5318N,One-Time;OneTime,2816.5
QB-INTEL-GOLD-5318N;One-Time;CHF,CHF,true,false,"Intel Xeon Gold 5318N 2.1GHz, 24C/48T",Standard Price Book;true,QB-INTEL-GOLD-5318N,One-Time;OneTime,1626.5
QB-INTEL-GOLD-5318N;One-Time;JPY,JPY,true,false,"Intel Xeon Gold 5318N 2.1GHz, 24C/48T",Standard Price Book;true,QB-INTEL-GOLD-5318N,One-Time;OneTime,326010
QB-INTEL-GOLD-6330N;One-Time;USD,USD,true,false,"Intel Xeon Gold 6330N 2.2GHz, 28C/56T",Standard Price Book;true,QB-INTEL-GOLD-6330N,One-Time;OneTime,2149
QB-INTEL-GOLD-6330N;One-Time;GBP,GBP,true,false,"Intel Xeon Gold 6330N 2.2GHz, 28C/56T",Standard Price Book;true,QB-INTEL-GOLD-6330N,One-Time;OneTime,1607
QB-INTEL-GOLD-6330N;One-Time;EUR,EUR,true,false,"Intel Xeon Gold 6330N 2.2GHz, 28C/56T",Standard Price Book;true,QB-INTEL-GOLD-6330N,One-Time;OneTime,1883.5
QB-INTEL-GOLD-6330N;One-Time;AUD,AUD,true,false,"Intel Xeon Gold 6330N 2.2GHz, 28C/56T",Standard Price Book;true,QB-INTEL-GOLD-6330N,One-Time;OneTime,3073.5
QB-INTEL-GOLD-6330N;One-Time;CAD,CAD,true,false,"Intel Xeon Gold 6330N 2.2GHz, 28C/56T",Standard Price Book;true,QB-INTEL-GOLD-6330N,One-Time;OneTime,3028
QB-INTEL-GOLD-6330N;One-Time;CHF,CHF,true,false,"Intel Xeon Gold 6330N 2.2GHz, 28C/56T",Standard Price Book;true,QB-INTEL-GOLD-6330N,One-Time;OneTime,1749
QB-INTEL-GOLD-6330N;One-Time;JPY,JPY,true,false,"Intel Xeon Gold 6330N 2.2GHz, 28C/56T",Standard Price Book;true,QB-INTEL-GOLD-6330N,One-Time;OneTime,350473
QB-INTEL-GOLD-6354;One-Time;USD,USD,true,false,"Intel Xeon Gold 6354 3GHz, 18C/36T",Standard Price Book;true,QB-INTEL-GOLD-6354,One-Time;OneTime,3300
QB-INTEL-GOLD-6354;One-Time;GBP,GBP,true,false,"Intel Xeon Gold 6354 3GHz, 18C/36T",Standard Price Book;true,QB-INTEL-GOLD-6354,One-Time;OneTime,2467.5
QB-INTEL-GOLD-6354;One-Time;EUR,EUR,true,false,"Intel Xeon Gold 6354 3GHz, 18C/36T",Standard Price Book;true,QB-INTEL-GOLD-6354,One-Time;OneTime,2892
QB-INTEL-GOLD-6354;One-Time;AUD,AUD,true,false,"Intel Xeon Gold 6354 3GHz, 18C/36T",Standard Price Book;true,QB-INTEL-GOLD-6354,One-Time;OneTime,4719.5
QB-INTEL-GOLD-6354;One-Time;CAD,CAD,true,false,"Intel Xeon Gold 6354 3GHz, 18C/36T",Standard Price Book;true,QB-INTEL-GOLD-6354,One-Time;OneTime,4649.5
QB-INTEL-GOLD-6354;One-Time;CHF,CHF,true,false,"Intel Xeon Gold 6354 3GHz, 18C/36T",Standard Price Book;true,QB-INTEL-GOLD-6354,One-Time;OneTime,2685.5
QB-INTEL-GOLD-6354;One-Time;JPY,JPY,true,false,"Intel Xeon Gold 6354 3GHz, 18C/36T",Standard Price Book;true,QB-INTEL-GOLD-6354,One-Time;OneTime,538186
QB-INTEL-PLAT-8352M;One-Time;USD,USD,true,false,"Intel Xeon Platinum 8352M 2.3GHz, 32C/64T",Standard Price Book;true,QB-INTEL-PLAT-8352M,One-Time;OneTime,2000
QB-INTEL-PLAT-8352M;One-Time;GBP,GBP,true,false,"Intel Xeon Platinum 8352M 2.3GHz, 32C/64T",Standard Price Book;true,QB-INTEL-PLAT-8352M,One-Time;OneTime,1495.5
QB-INTEL-PLAT-8352M;One-Time;EUR,EUR,true,false,"Intel Xeon Platinum 8352M 2.3GHz, 32C/64T",Standard Price Book;true,QB-INTEL-PLAT-8352M,One-Time;OneTime,1752.5
QB-INTEL-PLAT-8352M;One-Time;AUD,AUD,true,false,"Intel Xeon Platinum 8352M 2.3GHz, 32C/64T",Standard Price Book;true,QB-INTEL-PLAT-8352M,One-Time;OneTime,2860.5
QB-INTEL-PLAT-8352M;One-Time;CAD,CAD,true,false,"Intel Xeon Platinum 8352M 2.3GHz, 32C/64T",Standard Price Book;true,QB-INTEL-PLAT-8352M,One-Time;OneTime,2818
QB-INTEL-PLAT-8352M;One-Time;CHF,CHF,true,false,"Intel Xeon Platinum 8352M 2.3GHz, 32C/64T",Standard Price Book;true,QB-INTEL-PLAT-8352M,One-Time;OneTime,1627.5
QB-INTEL-PLAT-8352M;One-Time;JPY,JPY,true,false,"Intel Xeon Platinum 8352M 2.3GHz, 32C/64T",Standard Price Book;true,QB-INTEL-PLAT-8352M,One-Time;OneTime,326173
QB-INTEL-PLAT-8352Y;One-Time;USD,USD,true,false,"Intel Xeon Platinum 8352Y 2.2GHz, 32C/64T",Standard Price Book;true,QB-INTEL-PLAT-8352Y,One-Time;OneTime,2500
QB-INTEL-PLAT-8352Y;One-Time;GBP,GBP,true,false,"Intel Xeon Platinum 8352Y 2.2GHz, 32C/64T",Standard Price Book;true,QB-INTEL-PLAT-8352Y,One-Time;OneTime,1869.5
QB-INTEL-PLAT-8352Y;One-Time;EUR,EUR,true,false,"Intel Xeon Platinum 8352Y 2.2GHz, 32C/64T",Standard Price Book;true,QB-INTEL-PLAT-8352Y,One-Time;OneTime,2191
QB-INTEL-PLAT-8352Y;One-Time;AUD,AUD,true,false,"Intel Xeon Platinum 8352Y 2.2GHz, 32C/64T",Standard Price Book;true,QB-INTEL-PLAT-8352Y,One-Time;OneTime,3575.5
QB-INTEL-PLAT-8352Y;One-Time;CAD,CAD,true,false,"Intel Xeon Platinum 8352Y 2.2GHz, 32C/64T",Standard Price Book;true,QB-INTEL-PLAT-8352Y,One-Time;OneTime,3522.5
QB-INTEL-PLAT-8352Y;One-Time;CHF,CHF,true,false,"Intel Xeon Platinum 8352Y 2.2GHz, 32C/64T",Standard Price Book;true,QB-INTEL-PLAT-8352Y,One-Time;OneTime,2034.5
QB-INTEL-PLAT-8352Y;One-Time;JPY,JPY,true,false,"Intel Xeon Platinum 8352Y 2.2GHz, 32C/64T",Standard Price Book;true,QB-INTEL-PLAT-8352Y,One-Time;OneTime,407717
QB-INTEL-PLAT-8360Y;One-Time;USD,USD,true,false,"Intel Xeon Platinum 8360Y 2.4GHz, 36C/72T",Standard Price Book;true,QB-INTEL-PLAT-8360Y,One-Time;OneTime,2800
QB-INTEL-PLAT-8360Y;One-Time;GBP,GBP,true,false,"Intel Xeon Platinum 8360Y 2.4GHz, 36C/72T",Standard Price Book;true,QB-INTEL-PLAT-8360Y,One-Time;OneTime,2093.5
QB-INTEL-PLAT-8360Y;One-Time;EUR,EUR,true,false,"Intel Xeon Platinum 8360Y 2.4GHz, 36C/72T",Standard Price Book;true,QB-INTEL-PLAT-8360Y,One-Time;OneTime,2454
QB-INTEL-PLAT-8360Y;One-Time;AUD,AUD,true,false,"Intel Xeon Platinum 8360Y 2.4GHz, 36C/72T",Standard Price Book;true,QB-INTEL-PLAT-8360Y,One-Time;OneTime,4004.5
QB-INTEL-PLAT-8360Y;One-Time;CAD,CAD,true,false,"Intel Xeon Platinum 8360Y 2.4GHz, 36C/72T",Standard Price Book;true,QB-INTEL-PLAT-8360Y,One-Time;OneTime,3945
QB-INTEL-PLAT-8360Y;One-Time;CHF,CHF,true,false,"Intel Xeon Platinum 8360Y 2.4GHz, 36C/72T",Standard Price Book;true,QB-INTEL-PLAT-8360Y,One-Time;OneTime,2278.5
QB-INTEL-PLAT-8360Y;One-Time;JPY,JPY,true,false,"Intel Xeon Platinum 8360Y 2.4GHz, 36C/72T",Standard Price Book;true,QB-INTEL-PLAT-8360Y,One-Time;OneTime,456643
QB-INTEL-PLAT-8368;One-Time;USD,USD,true,false,"Intel Xeon Platinum 8368 2.4GHz, 38C/76T",Standard Price Book;true,QB-INTEL-PLAT-8368,One-Time;OneTime,2950
QB-INTEL-PLAT-8368;One-Time;GBP,GBP,true,false,"Intel Xeon Platinum 8368 2.4GHz, 38C/76T",Standard Price Book;true,QB-INTEL-PLAT-8368,One-Time;OneTime,2206
QB-INTEL-PLAT-8368;One-Time;EUR,EUR,true,false,"Intel Xeon Platinum 8368 2.4GHz, 38C/76T",Standard Price Book;true,QB-INTEL-PLAT-8368,One-Time;OneTime,2585.5
QB-INTEL-PLAT-8368;One-Time;AUD,AUD,true,false,"Intel Xeon Platinum 8368 2.4GHz, 38C/76T",Standard Price Book;true,QB-INTEL-PLAT-8368,One-Time;OneTime,4219
QB-INTEL-PLAT-8368;One-Time;CAD,CAD,true,false,"Intel Xeon Platinum 8368 2.4GHz, 38C/76T",Standard Price Book;true,QB-INTEL-PLAT-8368,One-Time;OneTime,4156.5
QB-INTEL-PLAT-8368;One-Time;CHF,CHF,true,false,"Intel Xeon Platinum 8368 2.4GHz, 38C/76T",Standard Price Book;true,QB-INTEL-PLAT-8368,One-Time;OneTime,2400.5
QB-INTEL-PLAT-8368;One-Time;JPY,JPY,true,false,"Intel Xeon Platinum 8368 2.4GHz, 38C/76T",Standard Price Book;true,QB-INTEL-PLAT-8368,One-Time;OneTime,481106
QB-LIC-CLOUD;Term Annual;USD,USD,true,false,Cloud License (Monthly),Standard Price Book;true,QB-LIC-CLOUD,Term Annual;TermDefined,550
QB-LIC-CLOUD;Term Annual;GBP,GBP,true,false,Cloud License (Monthly),Standard Price Book;true,QB-LIC-CLOUD,Term Annual;TermDefined,411
QB-LIC-CLOUD;Term Annual;EUR,EUR,true,false,Cloud License (Monthly),Standard Price Book;true,QB-LIC-CLOUD,Term Annual;TermDefined,482
QB-LIC-CLOUD;Term Annual;AUD,AUD,true,false,Cloud License (Monthly),Standard Price Book;true,QB-LIC-CLOUD,Term Annual;TermDefined,786.5
QB-LIC-CLOUD;Term Annual;CAD,CAD,true,false,Cloud License (Monthly),Standard Price Book;true,QB-LIC-CLOUD,Term Annual;TermDefined,775
QB-LIC-CLOUD;Term Annual;CHF,CHF,true,false,Cloud License (Monthly),Standard Price Book;true,QB-LIC-CLOUD,Term Annual;TermDefined,447.5
QB-LIC-CLOUD;Term Annual;JPY,JPY,true,false,Cloud License (Monthly),Standard Price Book;true,QB-LIC-CLOUD,Term Annual;TermDefined,89698
QB-LIQUIDCOOL;One-Time;USD,USD,true,false,QB Liquid Cooler,Standard Price Book;true,QB-LIQUIDCOOL,One-Time;OneTime,250
QB-LIQUIDCOOL;One-Time;GBP,GBP,true,false,QB Liquid Cooler,Standard Price Book;true,QB-LIQUIDCOOL,One-Time;OneTime,187
QB-LIQUIDCOOL;One-Time;EUR,EUR,true,false,QB Liquid Cooler,Standard Price Book;true,QB-LIQUIDCOOL,One-Time;OneTime,219
QB-LIQUIDCOOL;One-Time;AUD,AUD,true,false,QB Liquid Cooler,Standard Price Book;true,QB-LIQUIDCOOL,One-Time;OneTime,357.5
QB-LIQUIDCOOL;One-Time;CAD,CAD,true,false,QB Liquid Cooler,Standard Price Book;true,QB-LIQUIDCOOL,One-Time;OneTime,352
QB-LIQUIDCOOL;One-Time;CHF,CHF,true,false,QB Liquid Cooler,Standard Price Book;true,QB-LIQUIDCOOL,One-Time;OneTime,203.5
QB-LIQUIDCOOL;One-Time;JPY,JPY,true,false,QB Liquid Cooler,Standard Price Book;true,QB-LIQUIDCOOL,One-Time;OneTime,40772
QB-MEM 128GB;One-Time;USD,USD,true,false,128GB LRDIMM,Standard Price Book;true,QB-MEM 128GB,One-Time;OneTime,1989
QB-MEM 128GB;One-Time;GBP,GBP,true,false,128GB LRDIMM,Standard Price Book;true,QB-MEM 128GB,One-Time;OneTime,1487
QB-MEM 128GB;One-Time;EUR,EUR,true,false,128GB LRDIMM,Standard Price Book;true,QB-MEM 128GB,One-Time;OneTime,1743
QB-MEM 128GB;One-Time;AUD,AUD,true,false,128GB LRDIMM,Standard Price Book;true,QB-MEM 128GB,One-Time;OneTime,2844.5
QB-MEM 128GB;One-Time;CAD,CAD,true,false,128GB LRDIMM,Standard Price Book;true,QB-MEM 128GB,One-Time;OneTime,2802.5
QB-MEM 128GB;One-Time;CHF,CHF,true,false,128GB LRDIMM,Standard Price Book;true,QB-MEM 128GB,One-Time;OneTime,1618.5
QB-MEM 128GB;One-Time;JPY,JPY,true,false,128GB LRDIMM,Standard Price Book;true,QB-MEM 128GB,One-Time;OneTime,324379
QB-MEM 16GB;One-Time;USD,USD,true,false,16GB RDIMM,Standard Price Book;true,QB-MEM 16GB,One-Time;OneTime,599
QB-MEM 16GB;One-Time;GBP,GBP,true,false,16GB RDIMM,Standard Price Book;true,QB-MEM 16GB,One-Time;OneTime,448
QB-MEM 16GB;One-Time;EUR,EUR,true,false,16GB RDIMM,Standard Price Book;true,QB-MEM 16GB,One-Time;OneTime,525
QB-MEM 16GB;One-Time;AUD,AUD,true,false,16GB RDIMM,Standard Price Book;true,QB-MEM 16GB,One-Time;OneTime,856.5
QB-MEM 16GB;One-Time;CAD,CAD,true,false,16GB RDIMM,Standard Price Book;true,QB-MEM 16GB,One-Time;OneTime,844
QB-MEM 16GB;One-Time;CHF,CHF,true,false,16GB RDIMM,Standard Price Book;true,QB-MEM 16GB,One-Time;OneTime,487.5
QB-MEM 16GB;One-Time;JPY,JPY,true,false,16GB RDIMM,Standard Price Book;true,QB-MEM 16GB,One-Time;OneTime,97689
QB-MEM 32GB;One-Time;USD,USD,true,false,32GB RDIMM,Standard Price Book;true,QB-MEM 32GB,One-Time;OneTime,889
QB-MEM 32GB;One-Time;GBP,GBP,true,false,32GB RDIMM,Standard Price Book;true,QB-MEM 32GB,One-Time;OneTime,664.5
QB-MEM 32GB;One-Time;EUR,EUR,true,false,32GB RDIMM,Standard Price Book;true,QB-MEM 32GB,One-Time;OneTime,779
QB-MEM 32GB;One-Time;AUD,AUD,true,false,32GB RDIMM,Standard Price Book;true,QB-MEM 32GB,One-Time;OneTime,1271.5
QB-MEM 32GB;One-Time;CAD,CAD,true,false,32GB RDIMM,Standard Price Book;true,QB-MEM 32GB,One-Time;OneTime,1252.5
QB-MEM 32GB;One-Time;CHF,CHF,true,false,32GB RDIMM,Standard Price Book;true,QB-MEM 32GB,One-Time;OneTime,723.5
QB-MEM 32GB;One-Time;JPY,JPY,true,false,32GB RDIMM,Standard Price Book;true,QB-MEM 32GB,One-Time;OneTime,144984
QB-MEM 64GB;One-Time;USD,USD,true,false,64GB RDIMM,Standard Price Book;true,QB-MEM 64GB,One-Time;OneTime,999
QB-MEM 64GB;One-Time;GBP,GBP,true,false,64GB RDIMM,Standard Price Book;true,QB-MEM 64GB,One-Time;OneTime,747
QB-MEM 64GB;One-Time;EUR,EUR,true,false,64GB RDIMM,Standard Price Book;true,QB-MEM 64GB,One-Time;OneTime,875.5
QB-MEM 64GB;One-Time;AUD,AUD,true,false,64GB RDIMM,Standard Price Book;true,QB-MEM 64GB,One-Time;OneTime,1428.5
QB-MEM 64GB;One-Time;CAD,CAD,true,false,64GB RDIMM,Standard Price Book;true,QB-MEM 64GB,One-Time;OneTime,1407.5
QB-MEM 64GB;One-Time;CHF,CHF,true,false,64GB RDIMM,Standard Price Book;true,QB-MEM 64GB,One-Time;OneTime,813
QB-MEM 64GB;One-Time;JPY,JPY,true,false,64GB RDIMM,Standard Price Book;true,QB-MEM 64GB,One-Time;OneTime,162924
QB-MEM 8GB;One-Time;USD,USD,true,false,8GB RDIMM,Standard Price Book;true,QB-MEM 8GB,One-Time;OneTime,399
QB-MEM 8GB;One-Time;GBP,GBP,true,false,8GB RDIMM,Standard Price Book;true,QB-MEM 8GB,One-Time;OneTime,298.5
QB-MEM 8GB;One-Time;EUR,EUR,true,false,8GB RDIMM,Standard Price Book;true,QB-MEM 8GB,One-Time;OneTime,349.5
QB-MEM 8GB;One-Time;AUD,AUD,true,false,8GB RDIMM,Standard Price Book;true,QB-MEM 8GB,One-Time;OneTime,570.5
QB-MEM 8GB;One-Time;CAD,CAD,true,false,8GB RDIMM,Standard Price Book;true,QB-MEM 8GB,One-Time;OneTime,562
QB-MEM 8GB;One-Time;CHF,CHF,true,false,8GB RDIMM,Standard Price Book;true,QB-MEM 8GB,One-Time;OneTime,324.5
QB-MEM 8GB;One-Time;JPY,JPY,true,false,8GB RDIMM,Standard Price Book;true,QB-MEM 8GB,One-Time;OneTime,65072
QB-MSG-STRT;Evergreen Monthly;USD,USD,true,false,Additional Messages - QB Starter,Standard Price Book;true,QB-MSG-STRT,Evergreen Monthly;Evergreen,3500
QB-MSG-STRT;Evergreen Monthly;GBP,GBP,true,false,Additional Messages - QB Starter,Standard Price Book;true,QB-MSG-STRT,Evergreen Monthly;Evergreen,2617
QB-MSG-STRT;Evergreen Monthly;EUR,EUR,true,false,Additional Messages - QB Starter,Standard Price Book;true,QB-MSG-STRT,Evergreen Monthly;Evergreen,3067.5
QB-MSG-STRT;Evergreen Monthly;AUD,AUD,true,false,Additional Messages - QB Starter,Standard Price Book;true,QB-MSG-STRT,Evergreen Monthly;Evergreen,5005.5
QB-MSG-STRT;Evergreen Monthly;CAD,CAD,true,false,Additional Messages - QB Starter,Standard Price Book;true,QB-MSG-STRT,Evergreen Monthly;Evergreen,4931.5
QB-MSG-STRT;Evergreen Monthly;CHF,CHF,true,false,Additional Messages - QB Starter,Standard Price Book;true,QB-MSG-STRT,Evergreen Monthly;Evergreen,2848
QB-MSG-STRT;Evergreen Monthly;JPY,JPY,true,false,Additional Messages - QB Starter,Standard Price Book;true,QB-MSG-STRT,Evergreen Monthly;Evergreen,570803
QB-MSG-STRT;Term Annual;USD,USD,true,false,Additional Messages - QB Starter,Standard Price Book;true,QB-MSG-STRT,Term Annual;TermDefined,30000
QB-MSG-STRT;Term Annual;GBP,GBP,true,false,Additional Messages - QB Starter,Standard Price Book;true,QB-MSG-STRT,Term Annual;TermDefined,22431.5
QB-MSG-STRT;Term Annual;EUR,EUR,true,false,Additional Messages - QB Starter,Standard Price Book;true,QB-MSG-STRT,Term Annual;TermDefined,26291
QB-MSG-STRT;Term Annual;AUD,AUD,true,false,Additional Messages - QB Starter,Standard Price Book;true,QB-MSG-STRT,Term Annual;TermDefined,42904.5
QB-MSG-STRT;Term Annual;CAD,CAD,true,false,Additional Messages - QB Starter,Standard Price Book;true,QB-MSG-STRT,Term Annual;TermDefined,42269.5
QB-MSG-STRT;Term Annual;CHF,CHF,true,false,Additional Messages - QB Starter,Standard Price Book;true,QB-MSG-STRT,Term Annual;TermDefined,24412.5
QB-MSG-STRT;Term Annual;JPY,JPY,true,false,Additional Messages - QB Starter,Standard Price Book;true,QB-MSG-STRT,Term Annual;TermDefined,4892599
QB-MSG-STRT;Term Monthly;USD,USD,true,false,Additional Messages - QB Starter,Standard Price Book;true,QB-MSG-STRT,Term Monthly;TermDefined,3000
QB-MSG-STRT;Term Monthly;GBP,GBP,true,false,Additional Messages - QB Starter,Standard Price Book;true,QB-MSG-STRT,Term Monthly;TermDefined,2243
QB-MSG-STRT;Term Monthly;EUR,EUR,true,false,Additional Messages - QB Starter,Standard Price Book;true,QB-MSG-STRT,Term Monthly;TermDefined,2629
QB-MSG-STRT;Term Monthly;AUD,AUD,true,false,Additional Messages - QB Starter,Standard Price Book;true,QB-MSG-STRT,Term Monthly;TermDefined,4290.5
QB-MSG-STRT;Term Monthly;CAD,CAD,true,false,Additional Messages - QB Starter,Standard Price Book;true,QB-MSG-STRT,Term Monthly;TermDefined,4227
QB-MSG-STRT;Term Monthly;CHF,CHF,true,false,Additional Messages - QB Starter,Standard Price Book;true,QB-MSG-STRT,Term Monthly;TermDefined,2441.5
QB-MSG-STRT;Term Monthly;JPY,JPY,true,false,Additional Messages - QB Starter,Standard Price Book;true,QB-MSG-STRT,Term Monthly;TermDefined,489260
QB-MTY-CMT;Term Annual;USD,USD,true,false,QuantumBit Database (Monetary Commit),Standard Price Book;true,QB-MTY-CMT,Term Annual;TermDefined,8000
QB-MTY-CMT;Term Annual;GBP,GBP,true,false,QuantumBit Database (Monetary Commit),Standard Price Book;true,QB-MTY-CMT,Term Annual;TermDefined,5982
QB-MTY-CMT;Term Annual;EUR,EUR,true,false,QuantumBit Database (Monetary Commit),Standard Price Book;true,QB-MTY-CMT,Term Annual;TermDefined,7011
QB-MTY-CMT;Term Annual;AUD,AUD,true,false,QuantumBit Database (Monetary Commit),Standard Price Book;true,QB-MTY-CMT,Term Annual;TermDefined,11441
QB-MTY-CMT;Term Annual;CAD,CAD,true,false,QuantumBit Database (Monetary Commit),Standard Price Book;true,QB-MTY-CMT,Term Annual;TermDefined,11272
QB-MTY-CMT;Term Annual;CHF,CHF,true,false,QuantumBit Database (Monetary Commit),Standard Price Book;true,QB-MTY-CMT,Term Annual;TermDefined,6510
QB-MTY-CMT;Term Annual;JPY,JPY,true,false,QuantumBit Database (Monetary Commit),Standard Price Book;true,QB-MTY-CMT,Term Annual;TermDefined,1304693
QB-NET X710;One-Time;USD,USD,true,false,Intel X710 Dual Port 10Gb Direct Attach,Standard Price Book;true,QB-NET X710,One-Time;OneTime,1599
QB-NET X710;One-Time;GBP,GBP,true,false,Intel X710 Dual Port 10Gb Direct Attach,Standard Price Book;true,QB-NET X710,One-Time;OneTime,1195.5
QB-NET X710;One-Time;EUR,EUR,true,false,Intel X710 Dual Port 10Gb Direct Attach,Standard Price Book;true,QB-NET X710,One-Time;OneTime,1401.5
QB-NET X710;One-Time;AUD,AUD,true,false,Intel X710 Dual Port 10Gb Direct Attach,Standard Price Book;true,QB-NET X710,One-Time;OneTime,2287
QB-NET X710;One-Time;CAD,CAD,true,false,Intel X710 Dual Port 10Gb Direct Attach,Standard Price Book;true,QB-NET X710,One-Time;OneTime,2253
QB-NET X710;One-Time;CHF,CHF,true,false,Intel X710 Dual Port 10Gb Direct Attach,Standard Price Book;true,QB-NET X710,One-Time;OneTime,1301
QB-NET X710;One-Time;JPY,JPY,true,false,Intel X710 Dual Port 10Gb Direct Attach,Standard Price Book;true,QB-NET X710,One-Time;OneTime,260776
QB-NET-100G-ULTRA;One-Time;USD,USD,true,false,QB-NetLink 100G Ultra,Standard Price Book;true,QB-NET-100G-ULTRA,One-Time;OneTime,700
QB-NET-100G-ULTRA;One-Time;GBP,GBP,true,false,QB-NetLink 100G Ultra,Standard Price Book;true,QB-NET-100G-ULTRA,One-Time;OneTime,523.5
QB-NET-100G-ULTRA;One-Time;EUR,EUR,true,false,QB-NetLink 100G Ultra,Standard Price Book;true,QB-NET-100G-ULTRA,One-Time;OneTime,613.5
QB-NET-100G-ULTRA;One-Time;AUD,AUD,true,false,QB-NetLink 100G Ultra,Standard Price Book;true,QB-NET-100G-ULTRA,One-Time;OneTime,1001
QB-NET-100G-ULTRA;One-Time;CAD,CAD,true,false,QB-NetLink 100G Ultra,Standard Price Book;true,QB-NET-100G-ULTRA,One-Time;OneTime,986.5
QB-NET-100G-ULTRA;One-Time;CHF,CHF,true,false,QB-NetLink 100G Ultra,Standard Price Book;true,QB-NET-100G-ULTRA,One-Time;OneTime,569.5
QB-NET-100G-ULTRA;One-Time;JPY,JPY,true,false,QB-NetLink 100G Ultra,Standard Price Book;true,QB-NET-100G-ULTRA,One-Time;OneTime,114161
QB-NET-10G;One-Time;USD,USD,true,false,QB-NetLink 10G,Standard Price Book;true,QB-NET-10G,One-Time;OneTime,220
QB-NET-10G;One-Time;GBP,GBP,true,false,QB-NetLink 10G,Standard Price Book;true,QB-NET-10G,One-Time;OneTime,164.5
QB-NET-10G;One-Time;EUR,EUR,true,false,QB-NetLink 10G,Standard Price Book;true,QB-NET-10G,One-Time;OneTime,193
QB-NET-10G;One-Time;AUD,AUD,true,false,QB-NetLink 10G,Standard Price Book;true,QB-NET-10G,One-Time;OneTime,314.5
QB-NET-10G;One-Time;CAD,CAD,true,false,QB-NetLink 10G,Standard Price Book;true,QB-NET-10G,One-Time;OneTime,310
QB-NET-10G;One-Time;CHF,CHF,true,false,QB-NetLink 10G,Standard Price Book;true,QB-NET-10G,One-Time;OneTime,179
QB-NET-10G;One-Time;JPY,JPY,true,false,QB-NetLink 10G,Standard Price Book;true,QB-NET-10G,One-Time;OneTime,35879
QB-NET-25G;One-Time;USD,USD,true,false,QB-NetLink 25G,Standard Price Book;true,QB-NET-25G,One-Time;OneTime,450
QB-NET-25G;One-Time;GBP,GBP,true,false,QB-NetLink 25G,Standard Price Book;true,QB-NET-25G,One-Time;OneTime,336.5
QB-NET-25G;One-Time;EUR,EUR,true,false,QB-NetLink 25G,Standard Price Book;true,QB-NET-25G,One-Time;OneTime,394.5
QB-NET-25G;One-Time;AUD,AUD,true,false,QB-NetLink 25G,Standard Price Book;true,QB-NET-25G,One-Time;OneTime,643.5
QB-NET-25G;One-Time;CAD,CAD,true,false,QB-NetLink 25G,Standard Price Book;true,QB-NET-25G,One-Time;OneTime,634
QB-NET-25G;One-Time;CHF,CHF,true,false,QB-NetLink 25G,Standard Price Book;true,QB-NET-25G,One-Time;OneTime,366
QB-NET-25G;One-Time;JPY,JPY,true,false,QB-NetLink 25G,Standard Price Book;true,QB-NET-25G,One-Time;OneTime,73389
QB-NETSECURE-10G;One-Time;USD,USD,true,false,QB-NetSecure 10G,Standard Price Book;true,QB-NETSECURE-10G,One-Time;OneTime,500
QB-NETSECURE-10G;One-Time;GBP,GBP,true,false,QB-NetSecure 10G,Standard Price Book;true,QB-NETSECURE-10G,One-Time;OneTime,374
QB-NETSECURE-10G;One-Time;EUR,EUR,true,false,QB-NetSecure 10G,Standard Price Book;true,QB-NETSECURE-10G,One-Time;OneTime,438
QB-NETSECURE-10G;One-Time;AUD,AUD,true,false,QB-NetSecure 10G,Standard Price Book;true,QB-NETSECURE-10G,One-Time;OneTime,715
QB-NETSECURE-10G;One-Time;CAD,CAD,true,false,QB-NetSecure 10G,Standard Price Book;true,QB-NETSECURE-10G,One-Time;OneTime,704.5
QB-NETSECURE-10G;One-Time;CHF,CHF,true,false,QB-NetSecure 10G,Standard Price Book;true,QB-NETSECURE-10G,One-Time;OneTime,407
QB-NETSECURE-10G;One-Time;JPY,JPY,true,false,QB-NetSecure 10G,Standard Price Book;true,QB-NETSECURE-10G,One-Time;OneTime,81543
QB-NovaX150;One-Time;USD,USD,true,false,QB-Accel NovaX150,Standard Price Book;true,QB-NovaX150,One-Time;OneTime,9800
QB-NovaX150;One-Time;GBP,GBP,true,false,QB-Accel NovaX150,Standard Price Book;true,QB-NovaX150,One-Time;OneTime,7327.5
QB-NovaX150;One-Time;EUR,EUR,true,false,QB-Accel NovaX150,Standard Price Book;true,QB-NovaX150,One-Time;OneTime,8588.5
QB-NovaX150;One-Time;AUD,AUD,true,false,QB-Accel NovaX150,Standard Price Book;true,QB-NovaX150,One-Time;OneTime,14015.5
QB-NovaX150;One-Time;CAD,CAD,true,false,QB-Accel NovaX150,Standard Price Book;true,QB-NovaX150,One-Time;OneTime,13808
QB-NovaX150;One-Time;CHF,CHF,true,false,QB-Accel NovaX150,Standard Price Book;true,QB-NovaX150,One-Time;OneTime,7975
QB-NovaX150;One-Time;JPY,JPY,true,false,QB-Accel NovaX150,Standard Price Book;true,QB-NovaX150,One-Time;OneTime,1598249
QB-NVExpand-200;One-Time;USD,USD,true,false,QB-NVExpand 200,Standard Price Book;true,QB-NVExpand-200,One-Time;OneTime,475
QB-NVExpand-200;One-Time;GBP,GBP,true,false,QB-NVExpand 200,Standard Price Book;true,QB-NVExpand-200,One-Time;OneTime,355
QB-NVExpand-200;One-Time;EUR,EUR,true,false,QB-NVExpand 200,Standard Price Book;true,QB-NVExpand-200,One-Time;OneTime,416.5
QB-NVExpand-200;One-Time;AUD,AUD,true,false,QB-NVExpand 200,Standard Price Book;true,QB-NVExpand-200,One-Time;OneTime,679.5
QB-NVExpand-200;One-Time;CAD,CAD,true,false,QB-NVExpand 200,Standard Price Book;true,QB-NVExpand-200,One-Time;OneTime,669.5
QB-NVExpand-200;One-Time;CHF,CHF,true,false,QB-NVExpand 200,Standard Price Book;true,QB-NVExpand-200,One-Time;OneTime,386.5
QB-NVExpand-200;One-Time;JPY,JPY,true,false,QB-NVExpand 200,Standard Price Book;true,QB-NVExpand-200,One-Time;OneTime,77466
QB-PWRCORE-1600S;One-Time;USD,USD,true,false,QB-PowerCore 1600S,Standard Price Book;true,QB-PWRCORE-1600S,One-Time;OneTime,599
QB-PWRCORE-1600S;One-Time;GBP,GBP,true,false,QB-PowerCore 1600S,Standard Price Book;true,QB-PWRCORE-1600S,One-Time;OneTime,448
QB-PWRCORE-1600S;One-Time;EUR,EUR,true,false,QB-PowerCore 1600S,Standard Price Book;true,QB-PWRCORE-1600S,One-Time;OneTime,525
QB-PWRCORE-1600S;One-Time;AUD,AUD,true,false,QB-PowerCore 1600S,Standard Price Book;true,QB-PWRCORE-1600S,One-Time;OneTime,856.5
QB-PWRCORE-1600S;One-Time;CAD,CAD,true,false,QB-PowerCore 1600S,Standard Price Book;true,QB-PWRCORE-1600S,One-Time;OneTime,844
QB-PWRCORE-1600S;One-Time;CHF,CHF,true,false,QB-PowerCore 1600S,Standard Price Book;true,QB-PWRCORE-1600S,One-Time;OneTime,487.5
QB-PWRCORE-1600S;One-Time;JPY,JPY,true,false,QB-PowerCore 1600S,Standard Price Book;true,QB-PWRCORE-1600S,One-Time;OneTime,97689
QB-PWRCORE-500S;One-Time;USD,USD,true,false,QB-PowerCore 500S,Standard Price Book;true,QB-PWRCORE-500S,One-Time;OneTime,299
QB-PWRCORE-500S;One-Time;GBP,GBP,true,false,QB-PowerCore 500S,Standard Price Book;true,QB-PWRCORE-500S,One-Time;OneTime,223.5
QB-PWRCORE-500S;One-Time;EUR,EUR,true,false,QB-PowerCore 500S,Standard Price Book;true,QB-PWRCORE-500S,One-Time;OneTime,262
QB-PWRCORE-500S;One-Time;AUD,AUD,true,false,QB-PowerCore 500S,Standard Price Book;true,QB-PWRCORE-500S,One-Time;OneTime,427.5
QB-PWRCORE-500S;One-Time;CAD,CAD,true,false,QB-PowerCore 500S,Standard Price Book;true,QB-PWRCORE-500S,One-Time;OneTime,421.5
QB-PWRCORE-500S;One-Time;CHF,CHF,true,false,QB-PowerCore 500S,Standard Price Book;true,QB-PWRCORE-500S,One-Time;OneTime,243.5
QB-PWRCORE-500S;One-Time;JPY,JPY,true,false,QB-PowerCore 500S,Standard Price Book;true,QB-PWRCORE-500S,One-Time;OneTime,48763
QB-PWRCORE-800S;One-Time;USD,USD,true,false,QB-PowerCore 800S,Standard Price Book;true,QB-PWRCORE-800S,One-Time;OneTime,489
QB-PWRCORE-800S;One-Time;GBP,GBP,true,false,QB-PowerCore 800S,Standard Price Book;true,QB-PWRCORE-800S,One-Time;OneTime,365.5
QB-PWRCORE-800S;One-Time;EUR,EUR,true,false,QB-PowerCore 800S,Standard Price Book;true,QB-PWRCORE-800S,One-Time;OneTime,428.5
QB-PWRCORE-800S;One-Time;AUD,AUD,true,false,QB-PowerCore 800S,Standard Price Book;true,QB-PWRCORE-800S,One-Time;OneTime,699.5
QB-PWRCORE-800S;One-Time;CAD,CAD,true,false,QB-PowerCore 800S,Standard Price Book;true,QB-PWRCORE-800S,One-Time;OneTime,689
QB-PWRCORE-800S;One-Time;CHF,CHF,true,false,QB-PowerCore 800S,Standard Price Book;true,QB-PWRCORE-800S,One-Time;OneTime,398
QB-PWRCORE-800S;One-Time;JPY,JPY,true,false,QB-PowerCore 800S,Standard Price Book;true,QB-PWRCORE-800S,One-Time;OneTime,79749
QB-PWRSAFE-1000D;One-Time;USD,USD,true,false,QB-PowerSafe 1000D,Standard Price Book;true,QB-PWRSAFE-1000D,One-Time;OneTime,700
QB-PWRSAFE-1000D;One-Time;GBP,GBP,true,false,QB-PowerSafe 1000D,Standard Price Book;true,QB-PWRSAFE-1000D,One-Time;OneTime,523.5
QB-PWRSAFE-1000D;One-Time;EUR,EUR,true,false,QB-PowerSafe 1000D,Standard Price Book;true,QB-PWRSAFE-1000D,One-Time;OneTime,613.5
QB-PWRSAFE-1000D;One-Time;AUD,AUD,true,false,QB-PowerSafe 1000D,Standard Price Book;true,QB-PWRSAFE-1000D,One-Time;OneTime,1001
QB-PWRSAFE-1000D;One-Time;CAD,CAD,true,false,QB-PowerSafe 1000D,Standard Price Book;true,QB-PWRSAFE-1000D,One-Time;OneTime,986.5
QB-PWRSAFE-1000D;One-Time;CHF,CHF,true,false,QB-PowerSafe 1000D,Standard Price Book;true,QB-PWRSAFE-1000D,One-Time;OneTime,569.5
QB-PWRSAFE-1000D;One-Time;JPY,JPY,true,false,QB-PowerSafe 1000D,Standard Price Book;true,QB-PWRSAFE-1000D,One-Time;OneTime,114161
QB-PWRSAFE-2000D;One-Time;USD,USD,true,false,QB-PowerSafe 2000D,Standard Price Book;true,QB-PWRSAFE-2000D,One-Time;OneTime,1850
QB-PWRSAFE-2000D;One-Time;GBP,GBP,true,false,QB-PowerSafe 2000D,Standard Price Book;true,QB-PWRSAFE-2000D,One-Time;OneTime,1383.5
QB-PWRSAFE-2000D;One-Time;EUR,EUR,true,false,QB-PowerSafe 2000D,Standard Price Book;true,QB-PWRSAFE-2000D,One-Time;OneTime,1621.5
QB-PWRSAFE-2000D;One-Time;AUD,AUD,true,false,QB-PowerSafe 2000D,Standard Price Book;true,QB-PWRSAFE-2000D,One-Time;OneTime,2646
QB-PWRSAFE-2000D;One-Time;CAD,CAD,true,false,QB-PowerSafe 2000D,Standard Price Book;true,QB-PWRSAFE-2000D,One-Time;OneTime,2606.5
QB-PWRSAFE-2000D;One-Time;CHF,CHF,true,false,QB-PowerSafe 2000D,Standard Price Book;true,QB-PWRSAFE-2000D,One-Time;OneTime,1505.5
QB-PWRSAFE-2000D;One-Time;JPY,JPY,true,false,QB-PowerSafe 2000D,Standard Price Book;true,QB-PWRSAFE-2000D,One-Time;OneTime,301710
QB-PWRSAFE-600D;One-Time;USD,USD,true,false,QB-PowerSafe 600D,Standard Price Book;true,QB-PWRSAFE-600D,One-Time;OneTime,450
QB-PWRSAFE-600D;One-Time;GBP,GBP,true,false,QB-PowerSafe 600D,Standard Price Book;true,QB-PWRSAFE-600D,One-Time;OneTime,336.5
QB-PWRSAFE-600D;One-Time;EUR,EUR,true,false,QB-PowerSafe 600D,Standard Price Book;true,QB-PWRSAFE-600D,One-Time;OneTime,394.5
QB-PWRSAFE-600D;One-Time;AUD,AUD,true,false,QB-PowerSafe 600D,Standard Price Book;true,QB-PWRSAFE-600D,One-Time;OneTime,643.5
QB-PWRSAFE-600D;One-Time;CAD,CAD,true,false,QB-PowerSafe 600D,Standard Price Book;true,QB-PWRSAFE-600D,One-Time;OneTime,634
QB-PWRSAFE-600D;One-Time;CHF,CHF,true,false,QB-PowerSafe 600D,Standard Price Book;true,QB-PWRSAFE-600D,One-Time;OneTime,366
QB-PWRSAFE-600D;One-Time;JPY,JPY,true,false,QB-PowerSafe 600D,Standard Price Book;true,QB-PWRSAFE-600D,One-Time;OneTime,73389
QB-QRack-750;One-Time;USD,USD,true,false,QuantumBit Q-Rack 750,Standard Price Book;true,QB-QRack-750,One-Time;OneTime,3980
QB-QRack-750;One-Time;GBP,GBP,true,false,QuantumBit Q-Rack 750,Standard Price Book;true,QB-QRack-750,One-Time;OneTime,2976
QB-QRack-750;One-Time;EUR,EUR,true,false,QuantumBit Q-Rack 750,Standard Price Book;true,QB-QRack-750,One-Time;OneTime,3488
QB-QRack-750;One-Time;AUD,AUD,true,false,QuantumBit Q-Rack 750,Standard Price Book;true,QB-QRack-750,One-Time;OneTime,5692
QB-QRack-750;One-Time;CAD,CAD,true,false,QuantumBit Q-Rack 750,Standard Price Book;true,QB-QRack-750,One-Time;OneTime,5608
QB-QRack-750;One-Time;CHF,CHF,true,false,QuantumBit Q-Rack 750,Standard Price Book;true,QB-QRack-750,One-Time;OneTime,3238.5
QB-QRack-750;One-Time;JPY,JPY,true,false,QuantumBit Q-Rack 750,Standard Price Book;true,QB-QRack-750,One-Time;OneTime,649085
QB-QTY-CMT;Term Annual;USD,USD,true,false,QuantumBit Database (Quantity Commit),Standard Price Book;true,QB-QTY-CMT,Term Annual;TermDefined,500
QB-QTY-CMT;Term Annual;GBP,GBP,true,false,QuantumBit Database (Quantity Commit),Standard Price Book;true,QB-QTY-CMT,Term Annual;TermDefined,374
QB-QTY-CMT;Term Annual;EUR,EUR,true,false,QuantumBit Database (Quantity Commit),Standard Price Book;true,QB-QTY-CMT,Term Annual;TermDefined,438
QB-QTY-CMT;Term Annual;AUD,AUD,true,false,QuantumBit Database (Quantity Commit),Standard Price Book;true,QB-QTY-CMT,Term Annual;TermDefined,715
QB-QTY-CMT;Term Annual;CAD,CAD,true,false,QuantumBit Database (Quantity Commit),Standard Price Book;true,QB-QTY-CMT,Term Annual;TermDefined,704.5
QB-QTY-CMT;Term Annual;CHF,CHF,true,false,QuantumBit Database (Quantity Commit),Standard Price Book;true,QB-QTY-CMT,Term Annual;TermDefined,407
QB-QTY-CMT;Term Annual;JPY,JPY,true,false,QuantumBit Database (Quantity Commit),Standard Price Book;true,QB-QTY-CMT,Term Annual;TermDefined,81543
QB-RAID-500;One-Time;USD,USD,true,false,QB-RAIDForce 500,Standard Price Book;true,QB-RAID-500,One-Time;OneTime,620
QB-RAID-500;One-Time;GBP,GBP,true,false,QB-RAIDForce 500,Standard Price Book;true,QB-RAID-500,One-Time;OneTime,463.5
QB-RAID-500;One-Time;EUR,EUR,true,false,QB-RAIDForce 500,Standard Price Book;true,QB-RAID-500,One-Time;OneTime,543.5
QB-RAID-500;One-Time;AUD,AUD,true,false,QB-RAIDForce 500,Standard Price Book;true,QB-RAID-500,One-Time;OneTime,886.5
QB-RAID-500;One-Time;CAD,CAD,true,false,QB-RAIDForce 500,Standard Price Book;true,QB-RAID-500,One-Time;OneTime,873.5
QB-RAID-500;One-Time;CHF,CHF,true,false,QB-RAIDForce 500,Standard Price Book;true,QB-RAID-500,One-Time;OneTime,504.5
QB-RAID-500;One-Time;JPY,JPY,true,false,QB-RAIDForce 500,Standard Price Book;true,QB-RAID-500,One-Time;OneTime,101114
QB-SRV-DNE;One-Time;USD,USD,true,false,Data Normalization Expert,Standard Price Book;true,QB-SRV-DNE,One-Time;OneTime,300
QB-SRV-DNE;One-Time;GBP,GBP,true,false,Data Normalization Expert,Standard Price Book;true,QB-SRV-DNE,One-Time;OneTime,224.5
QB-SRV-DNE;One-Time;EUR,EUR,true,false,Data Normalization Expert,Standard Price Book;true,QB-SRV-DNE,One-Time;OneTime,263
QB-SRV-DNE;One-Time;AUD,AUD,true,false,Data Normalization Expert,Standard Price Book;true,QB-SRV-DNE,One-Time;OneTime,429
QB-SRV-DNE;One-Time;CAD,CAD,true,false,Data Normalization Expert,Standard Price Book;true,QB-SRV-DNE,One-Time;OneTime,422.5
QB-SRV-DNE;One-Time;CHF,CHF,true,false,Data Normalization Expert,Standard Price Book;true,QB-SRV-DNE,One-Time;OneTime,244
QB-SRV-DNE;One-Time;JPY,JPY,true,false,Data Normalization Expert,Standard Price Book;true,QB-SRV-DNE,One-Time;OneTime,48926
QB-SRV-IMP;One-Time;USD,USD,true,false,Implementation Engineer,Standard Price Book;true,QB-SRV-IMP,One-Time;OneTime,300
QB-SRV-IMP;One-Time;GBP,GBP,true,false,Implementation Engineer,Standard Price Book;true,QB-SRV-IMP,One-Time;OneTime,224.5
QB-SRV-IMP;One-Time;EUR,EUR,true,false,Implementation Engineer,Standard Price Book;true,QB-SRV-IMP,One-Time;OneTime,263
QB-SRV-IMP;One-Time;AUD,AUD,true,false,Implementation Engineer,Standard Price Book;true,QB-SRV-IMP,One-Time;OneTime,429
QB-SRV-IMP;One-Time;CAD,CAD,true,false,Implementation Engineer,Standard Price Book;true,QB-SRV-IMP,One-Time;OneTime,422.5
QB-SRV-IMP;One-Time;CHF,CHF,true,false,Implementation Engineer,Standard Price Book;true,QB-SRV-IMP,One-Time;OneTime,244
QB-SRV-IMP;One-Time;JPY,JPY,true,false,Implementation Engineer,Standard Price Book;true,QB-SRV-IMP,One-Time;OneTime,48926
QB-SRV-ISE;One-Time;USD,USD,true,false,Integration Specialist Engineer,Standard Price Book;true,QB-SRV-ISE,One-Time;OneTime,350
QB-SRV-ISE;One-Time;GBP,GBP,true,false,Integration Specialist Engineer,Standard Price Book;true,QB-SRV-ISE,One-Time;OneTime,261.5
QB-SRV-ISE;One-Time;EUR,EUR,true,false,Integration Specialist Engineer,Standard Price Book;true,QB-SRV-ISE,One-Time;OneTime,306.5
QB-SRV-ISE;One-Time;AUD,AUD,true,false,Integration Specialist Engineer,Standard Price Book;true,QB-SRV-ISE,One-Time;OneTime,500.5
QB-SRV-ISE;One-Time;CAD,CAD,true,false,Integration Specialist Engineer,Standard Price Book;true,QB-SRV-ISE,One-Time;OneTime,493
QB-SRV-ISE;One-Time;CHF,CHF,true,false,Integration Specialist Engineer,Standard Price Book;true,QB-SRV-ISE,One-Time;OneTime,285
QB-SRV-ISE;One-Time;JPY,JPY,true,false,Integration Specialist Engineer,Standard Price Book;true,QB-SRV-ISE,One-Time;OneTime,57080
QB-SRV-MEE;One-Time;USD,USD,true,false,Module Extension Engineer,Standard Price Book;true,QB-SRV-MEE,One-Time;OneTime,300
QB-SRV-MEE;One-Time;GBP,GBP,true,false,Module Extension Engineer,Standard Price Book;true,QB-SRV-MEE,One-Time;OneTime,224.5
QB-SRV-MEE;One-Time;EUR,EUR,true,false,Module Extension Engineer,Standard Price Book;true,QB-SRV-MEE,One-Time;OneTime,263
QB-SRV-MEE;One-Time;AUD,AUD,true,false,Module Extension Engineer,Standard Price Book;true,QB-SRV-MEE,One-Time;OneTime,429
QB-SRV-MEE;One-Time;CAD,CAD,true,false,Module Extension Engineer,Standard Price Book;true,QB-SRV-MEE,One-Time;OneTime,422.5
QB-SRV-MEE;One-Time;CHF,CHF,true,false,Module Extension Engineer,Standard Price Book;true,QB-SRV-MEE,One-Time;OneTime,244
QB-SRV-MEE;One-Time;JPY,JPY,true,false,Module Extension Engineer,Standard Price Book;true,QB-SRV-MEE,One-Time;OneTime,48926
QB-SRV-OG-PSH;One-Time;USD,USD,true,false,Professional Services Daily Rate,Standard Price Book;true,QB-SRV-OG-PSH,One-Time;OneTime,250
QB-SRV-OG-PSH;One-Time;GBP,GBP,true,false,Professional Services Daily Rate,Standard Price Book;true,QB-SRV-OG-PSH,One-Time;OneTime,187
QB-SRV-OG-PSH;One-Time;EUR,EUR,true,false,Professional Services Daily Rate,Standard Price Book;true,QB-SRV-OG-PSH,One-Time;OneTime,219
QB-SRV-OG-PSH;One-Time;AUD,AUD,true,false,Professional Services Daily Rate,Standard Price Book;true,QB-SRV-OG-PSH,One-Time;OneTime,357.5
QB-SRV-OG-PSH;One-Time;CAD,CAD,true,false,Professional Services Daily Rate,Standard Price Book;true,QB-SRV-OG-PSH,One-Time;OneTime,352
QB-SRV-OG-PSH;One-Time;CHF,CHF,true,false,Professional Services Daily Rate,Standard Price Book;true,QB-SRV-OG-PSH,One-Time;OneTime,203.5
QB-SRV-OG-PSH;One-Time;JPY,JPY,true,false,Professional Services Daily Rate,Standard Price Book;true,QB-SRV-OG-PSH,One-Time;OneTime,40772
QB-SRV-PD;One-Time;USD,USD,true,false,Program Director,Standard Price Book;true,QB-SRV-PD,One-Time;OneTime,350
QB-SRV-PD;One-Time;GBP,GBP,true,false,Program Director,Standard Price Book;true,QB-SRV-PD,One-Time;OneTime,261.5
QB-SRV-PD;One-Time;EUR,EUR,true,false,Program Director,Standard Price Book;true,QB-SRV-PD,One-Time;OneTime,306.5
QB-SRV-PD;One-Time;AUD,AUD,true,false,Program Director,Standard Price Book;true,QB-SRV-PD,One-Time;OneTime,500.5
QB-SRV-PD;One-Time;CAD,CAD,true,false,Program Director,Standard Price Book;true,QB-SRV-PD,One-Time;OneTime,493
QB-SRV-PD;One-Time;CHF,CHF,true,false,Program Director,Standard Price Book;true,QB-SRV-PD,One-Time;OneTime,285
QB-SRV-PD;One-Time;JPY,JPY,true,false,Program Director,Standard Price Book;true,QB-SRV-PD,One-Time;OneTime,57080
QB-SRV-PMN;One-Time;USD,USD,true,false,Project Manager,Standard Price Book;true,QB-SRV-PMN,One-Time;OneTime,300
QB-SRV-PMN;One-Time;GBP,GBP,true,false,Project Manager,Standard Price Book;true,QB-SRV-PMN,One-Time;OneTime,224.5
QB-SRV-PMN;One-Time;EUR,EUR,true,false,Project Manager,Standard Price Book;true,QB-SRV-PMN,One-Time;OneTime,263
QB-SRV-PMN;One-Time;AUD,AUD,true,false,Project Manager,Standard Price Book;true,QB-SRV-PMN,One-Time;OneTime,429
QB-SRV-PMN;One-Time;CAD,CAD,true,false,Project Manager,Standard Price Book;true,QB-SRV-PMN,One-Time;OneTime,422.5
QB-SRV-PMN;One-Time;CHF,CHF,true,false,Project Manager,Standard Price Book;true,QB-SRV-PMN,One-Time;OneTime,244
QB-SRV-PMN;One-Time;JPY,JPY,true,false,Project Manager,Standard Price Book;true,QB-SRV-PMN,One-Time;OneTime,48926
QB-SRV-QAE;One-Time;USD,USD,true,false,Quality Assurance Engineer,Standard Price Book;true,QB-SRV-QAE,One-Time;OneTime,300
QB-SRV-QAE;One-Time;GBP,GBP,true,false,Quality Assurance Engineer,Standard Price Book;true,QB-SRV-QAE,One-Time;OneTime,224.5
QB-SRV-QAE;One-Time;EUR,EUR,true,false,Quality Assurance Engineer,Standard Price Book;true,QB-SRV-QAE,One-Time;OneTime,263
QB-SRV-QAE;One-Time;AUD,AUD,true,false,Quality Assurance Engineer,Standard Price Book;true,QB-SRV-QAE,One-Time;OneTime,429
QB-SRV-QAE;One-Time;CAD,CAD,true,false,Quality Assurance Engineer,Standard Price Book;true,QB-SRV-QAE,One-Time;OneTime,422.5
QB-SRV-QAE;One-Time;CHF,CHF,true,false,Quality Assurance Engineer,Standard Price Book;true,QB-SRV-QAE,One-Time;OneTime,244
QB-SRV-QAE;One-Time;JPY,JPY,true,false,Quality Assurance Engineer,Standard Price Book;true,QB-SRV-QAE,One-Time;OneTime,48926
QB-SRV-SAT;One-Time;USD,USD,true,false,Solutions Architect,Standard Price Book;true,QB-SRV-SAT,One-Time;OneTime,500
QB-SRV-SAT;One-Time;GBP,GBP,true,false,Solutions Architect,Standard Price Book;true,QB-SRV-SAT,One-Time;OneTime,374
QB-SRV-SAT;One-Time;EUR,EUR,true,false,Solutions Architect,Standard Price Book;true,QB-SRV-SAT,One-Time;OneTime,438
QB-SRV-SAT;One-Time;AUD,AUD,true,false,Solutions Architect,Standard Price Book;true,QB-SRV-SAT,One-Time;OneTime,715
QB-SRV-SAT;One-Time;CAD,CAD,true,false,Solutions Architect,Standard Price Book;true,QB-SRV-SAT,One-Time;OneTime,704.5
QB-SRV-SAT;One-Time;CHF,CHF,true,false,Solutions Architect,Standard Price Book;true,QB-SRV-SAT,One-Time;OneTime,407
QB-SRV-SAT;One-Time;JPY,JPY,true,false,Solutions Architect,Standard Price Book;true,QB-SRV-SAT,One-Time;OneTime,81543
QB-SRV-SOW;One-Time;USD,USD,true,false,Professional Services Scope of Work,Standard Price Book;true,QB-SRV-SOW,One-Time;OneTime,25000
QB-SRV-SOW;One-Time;GBP,GBP,true,false,Professional Services Scope of Work,Standard Price Book;true,QB-SRV-SOW,One-Time;OneTime,18693
QB-SRV-SOW;One-Time;EUR,EUR,true,false,Professional Services Scope of Work,Standard Price Book;true,QB-SRV-SOW,One-Time;OneTime,21909
QB-SRV-SOW;One-Time;AUD,AUD,true,false,Professional Services Scope of Work,Standard Price Book;true,QB-SRV-SOW,One-Time;OneTime,35753.5
QB-SRV-SOW;One-Time;CAD,CAD,true,false,Professional Services Scope of Work,Standard Price Book;true,QB-SRV-SOW,One-Time;OneTime,35224.5
QB-SRV-SOW;One-Time;CHF,CHF,true,false,Professional Services Scope of Work,Standard Price Book;true,QB-SRV-SOW,One-Time;OneTime,20344
QB-SRV-SOW;One-Time;JPY,JPY,true,false,Professional Services Scope of Work,Standard Price Book;true,QB-SRV-SOW,One-Time;OneTime,4077166
QB-SSD 16TB;One-Time;USD,USD,true,false,Q-Drive NVX 16TB,Standard Price Book;true,QB-SSD 16TB,One-Time;OneTime,1200
QB-SSD 16TB;One-Time;GBP,GBP,true,false,Q-Drive NVX 16TB,Standard Price Book;true,QB-SSD 16TB,One-Time;OneTime,897.5
QB-SSD 16TB;One-Time;EUR,EUR,true,false,Q-Drive NVX 16TB,Standard Price Book;true,QB-SSD 16TB,One-Time;OneTime,1051.5
QB-SSD 16TB;One-Time;AUD,AUD,true,false,Q-Drive NVX 16TB,Standard Price Book;true,QB-SSD 16TB,One-Time;OneTime,1716
QB-SSD 16TB;One-Time;CAD,CAD,true,false,Q-Drive NVX 16TB,Standard Price Book;true,QB-SSD 16TB,One-Time;OneTime,1691
QB-SSD 16TB;One-Time;CHF,CHF,true,false,Q-Drive NVX 16TB,Standard Price Book;true,QB-SSD 16TB,One-Time;OneTime,976.5
QB-SSD 16TB;One-Time;JPY,JPY,true,false,Q-Drive NVX 16TB,Standard Price Book;true,QB-SSD 16TB,One-Time;OneTime,195704
QB-SSD 2TB;One-Time;USD,USD,true,false,Q-Drive NVX 2TB,Standard Price Book;true,QB-SSD 2TB,One-Time;OneTime,150
QB-SSD 2TB;One-Time;GBP,GBP,true,false,Q-Drive NVX 2TB,Standard Price Book;true,QB-SSD 2TB,One-Time;OneTime,112
QB-SSD 2TB;One-Time;EUR,EUR,true,false,Q-Drive NVX 2TB,Standard Price Book;true,QB-SSD 2TB,One-Time;OneTime,131.5
QB-SSD 2TB;One-Time;AUD,AUD,true,false,Q-Drive NVX 2TB,Standard Price Book;true,QB-SSD 2TB,One-Time;OneTime,214.5
QB-SSD 2TB;One-Time;CAD,CAD,true,false,Q-Drive NVX 2TB,Standard Price Book;true,QB-SSD 2TB,One-Time;OneTime,211.5
QB-SSD 2TB;One-Time;CHF,CHF,true,false,Q-Drive NVX 2TB,Standard Price Book;true,QB-SSD 2TB,One-Time;OneTime,122
QB-SSD 2TB;One-Time;JPY,JPY,true,false,Q-Drive NVX 2TB,Standard Price Book;true,QB-SSD 2TB,One-Time;OneTime,24463
QB-SSD 30TB;One-Time;USD,USD,true,false,Q-Drive NVX Ultra 30TB,Standard Price Book;true,QB-SSD 30TB,One-Time;OneTime,2500
QB-SSD 30TB;One-Time;GBP,GBP,true,false,Q-Drive NVX Ultra 30TB,Standard Price Book;true,QB-SSD 30TB,One-Time;OneTime,1869.5
QB-SSD 30TB;One-Time;EUR,EUR,true,false,Q-Drive NVX Ultra 30TB,Standard Price Book;true,QB-SSD 30TB,One-Time;OneTime,2191
QB-SSD 30TB;One-Time;AUD,AUD,true,false,Q-Drive NVX Ultra 30TB,Standard Price Book;true,QB-SSD 30TB,One-Time;OneTime,3575.5
QB-SSD 30TB;One-Time;CAD,CAD,true,false,Q-Drive NVX Ultra 30TB,Standard Price Book;true,QB-SSD 30TB,One-Time;OneTime,3522.5
QB-SSD 30TB;One-Time;CHF,CHF,true,false,Q-Drive NVX Ultra 30TB,Standard Price Book;true,QB-SSD 30TB,One-Time;OneTime,2034.5
QB-SSD 30TB;One-Time;JPY,JPY,true,false,Q-Drive NVX Ultra 30TB,Standard Price Book;true,QB-SSD 30TB,One-Time;OneTime,407717
QB-SSD 4TB;One-Time;USD,USD,true,false,Q-Drive NVX 4TB,Standard Price Book;true,QB-SSD 4TB,One-Time;OneTime,225
QB-SSD 4TB;One-Time;GBP,GBP,true,false,Q-Drive NVX 4TB,Standard Price Book;true,QB-SSD 4TB,One-Time;OneTime,168
QB-SSD 4TB;One-Time;EUR,EUR,true,false,Q-Drive NVX 4TB,Standard Price Book;true,QB-SSD 4TB,One-Time;OneTime,197
QB-SSD 4TB;One-Time;AUD,AUD,true,false,Q-Drive NVX 4TB,Standard Price Book;true,QB-SSD 4TB,One-Time;OneTime,322
QB-SSD 4TB;One-Time;CAD,CAD,true,false,Q-Drive NVX 4TB,Standard Price Book;true,QB-SSD 4TB,One-Time;OneTime,317
QB-SSD 4TB;One-Time;CHF,CHF,true,false,Q-Drive NVX 4TB,Standard Price Book;true,QB-SSD 4TB,One-Time;OneTime,183
QB-SSD 4TB;One-Time;JPY,JPY,true,false,Q-Drive NVX 4TB,Standard Price Book;true,QB-SSD 4TB,One-Time;OneTime,36694
QB-SSD 8TB;One-Time;USD,USD,true,false,Q-Drive NVX 8TB,Standard Price Book;true,QB-SSD 8TB,One-Time;OneTime,580
QB-SSD 8TB;One-Time;GBP,GBP,true,false,Q-Drive NVX 8TB,Standard Price Book;true,QB-SSD 8TB,One-Time;OneTime,433.5
QB-SSD 8TB;One-Time;EUR,EUR,true,false,Q-Drive NVX 8TB,Standard Price Book;true,QB-SSD 8TB,One-Time;OneTime,508.5
QB-SSD 8TB;One-Time;AUD,AUD,true,false,Q-Drive NVX 8TB,Standard Price Book;true,QB-SSD 8TB,One-Time;OneTime,829.5
QB-SSD 8TB;One-Time;CAD,CAD,true,false,Q-Drive NVX 8TB,Standard Price Book;true,QB-SSD 8TB,One-Time;OneTime,817
QB-SSD 8TB;One-Time;CHF,CHF,true,false,Q-Drive NVX 8TB,Standard Price Book;true,QB-SSD 8TB,One-Time;OneTime,472
QB-SSD 8TB;One-Time;JPY,JPY,true,false,Q-Drive NVX 8TB,Standard Price Book;true,QB-SSD 8TB,One-Time;OneTime,94590
QB-SUPP-1000;Term Annual;USD,USD,true,false,Silver Hardware Maintenance,Standard Price Book;true,QB-SUPP-1000,Term Annual;TermDefined,25000
QB-SUPP-1000;Term Annual;GBP,GBP,true,false,Silver Hardware Maintenance,Standard Price Book;true,QB-SUPP-1000,Term Annual;TermDefined,18693
QB-SUPP-1000;Term Annual;EUR,EUR,true,false,Silver Hardware Maintenance,Standard Price Book;true,QB-SUPP-1000,Term Annual;TermDefined,21909
QB-SUPP-1000;Term Annual;AUD,AUD,true,false,Silver Hardware Maintenance,Standard Price Book;true,QB-SUPP-1000,Term Annual;TermDefined,35753.5
QB-SUPP-1000;Term Annual;CAD,CAD,true,false,Silver Hardware Maintenance,Standard Price Book;true,QB-SUPP-1000,Term Annual;TermDefined,35224.5
QB-SUPP-1000;Term Annual;CHF,CHF,true,false,Silver Hardware Maintenance,Standard Price Book;true,QB-SUPP-1000,Term Annual;TermDefined,20344
QB-SUPP-1000;Term Annual;JPY,JPY,true,false,Silver Hardware Maintenance,Standard Price Book;true,QB-SUPP-1000,Term Annual;TermDefined,4077166
QB-SUPP-1005;Term Annual;USD,USD,true,false,Gold Hardware Maintenance,Standard Price Book;true,QB-SUPP-1005,Term Annual;TermDefined,30000
QB-SUPP-1005;Term Annual;GBP,GBP,true,false,Gold Hardware Maintenance,Standard Price Book;true,QB-SUPP-1005,Term Annual;TermDefined,22431.5
QB-SUPP-1005;Term Annual;EUR,EUR,true,false,Gold Hardware Maintenance,Standard Price Book;true,QB-SUPP-1005,Term Annual;TermDefined,26291
QB-SUPP-1005;Term Annual;AUD,AUD,true,false,Gold Hardware Maintenance,Standard Price Book;true,QB-SUPP-1005,Term Annual;TermDefined,42904.5
QB-SUPP-1005;Term Annual;CAD,CAD,true,false,Gold Hardware Maintenance,Standard Price Book;true,QB-SUPP-1005,Term Annual;TermDefined,42269.5
QB-SUPP-1005;Term Annual;CHF,CHF,true,false,Gold Hardware Maintenance,Standard Price Book;true,QB-SUPP-1005,Term Annual;TermDefined,24412.5
QB-SUPP-1005;Term Annual;JPY,JPY,true,false,Gold Hardware Maintenance,Standard Price Book;true,QB-SUPP-1005,Term Annual;TermDefined,4892599
QB-SUPP-2000;Term Annual;USD,USD,true,true,Software Maintenance,Standard Price Book;true,QB-SUPP-2000,Term Annual;TermDefined,0
QB-SUPP-2000;Term Annual;GBP,GBP,true,true,Software Maintenance,Standard Price Book;true,QB-SUPP-2000,Term Annual;TermDefined,0
QB-SUPP-2000;Term Annual;EUR,EUR,true,true,Software Maintenance,Standard Price Book;true,QB-SUPP-2000,Term Annual;TermDefined,0
QB-SUPP-2000;Term Annual;AUD,AUD,true,true,Software Maintenance,Standard Price Book;true,QB-SUPP-2000,Term Annual;TermDefined,0
QB-SUPP-2000;Term Annual;CAD,CAD,true,true,Software Maintenance,Standard Price Book;true,QB-SUPP-2000,Term Annual;TermDefined,0
QB-SUPP-2000;Term Annual;CHF,CHF,true,true,Software Maintenance,Standard Price Book;true,QB-SUPP-2000,Term Annual;TermDefined,0
QB-SUPP-2000;Term Annual;JPY,JPY,true,true,Software Maintenance,Standard Price Book;true,QB-SUPP-2000,Term Annual;TermDefined,0
QB-TOKENS-PACK;One-Time;USD,USD,true,false,QuantumBit Tokens Pack,Standard Price Book;true,QB-TOKENS-PACK,One-Time;OneTime,100
QB-TOKENS-PACK;One-Time;GBP,GBP,true,false,QuantumBit Tokens Pack,Standard Price Book;true,QB-TOKENS-PACK,One-Time;OneTime,75
QB-TOKENS-PACK;One-Time;EUR,EUR,true,false,QuantumBit Tokens Pack,Standard Price Book;true,QB-TOKENS-PACK,One-Time;OneTime,87.5
QB-TOKENS-PACK;One-Time;AUD,AUD,true,false,QuantumBit Tokens Pack,Standard Price Book;true,QB-TOKENS-PACK,One-Time;OneTime,143
QB-TOKENS-PACK;One-Time;CAD,CAD,true,false,QuantumBit Tokens Pack,Standard Price Book;true,QB-TOKENS-PACK,One-Time;OneTime,141
QB-TOKENS-PACK;One-Time;CHF,CHF,true,false,QuantumBit Tokens Pack,Standard Price Book;true,QB-TOKENS-PACK,One-Time;OneTime,81.5
QB-TOKENS-PACK;One-Time;JPY,JPY,true,false,QuantumBit Tokens Pack,Standard Price Book;true,QB-TOKENS-PACK,One-Time;OneTime,16309
QB-TRN-ESSNTLS;One-Time;USD,USD,true,false,QuantumBit Essentials Training,Standard Price Book;true,QB-TRN-ESSNTLS,One-Time;OneTime,8500
QB-TRN-ESSNTLS;One-Time;GBP,GBP,true,false,QuantumBit Essentials Training,Standard Price Book;true,QB-TRN-ESSNTLS,One-Time;OneTime,6355.5
QB-TRN-ESSNTLS;One-Time;EUR,EUR,true,false,QuantumBit Essentials Training,Standard Price Book;true,QB-TRN-ESSNTLS,One-Time;OneTime,7449
QB-TRN-ESSNTLS;One-Time;AUD,AUD,true,false,QuantumBit Essentials Training,Standard Price Book;true,QB-TRN-ESSNTLS,One-Time;OneTime,12156
QB-TRN-ESSNTLS;One-Time;CAD,CAD,true,false,QuantumBit Essentials Training,Standard Price Book;true,QB-TRN-ESSNTLS,One-Time;OneTime,11976.5
QB-TRN-ESSNTLS;One-Time;CHF,CHF,true,false,QuantumBit Essentials Training,Standard Price Book;true,QB-TRN-ESSNTLS,One-Time;OneTime,6917
QB-TRN-ESSNTLS;One-Time;JPY,JPY,true,false,QuantumBit Essentials Training,Standard Price Book;true,QB-TRN-ESSNTLS,One-Time;OneTime,1386236
QB-TRN-FUND;One-Time;USD,USD,true,false,QuantumBit Fundamentals Training,Standard Price Book;true,QB-TRN-FUND,One-Time;OneTime,6500
QB-TRN-FUND;One-Time;GBP,GBP,true,false,QuantumBit Fundamentals Training,Standard Price Book;true,QB-TRN-FUND,One-Time;OneTime,4860
QB-TRN-FUND;One-Time;EUR,EUR,true,false,QuantumBit Fundamentals Training,Standard Price Book;true,QB-TRN-FUND,One-Time;OneTime,5696.5
QB-TRN-FUND;One-Time;AUD,AUD,true,false,QuantumBit Fundamentals Training,Standard Price Book;true,QB-TRN-FUND,One-Time;OneTime,9296
QB-TRN-FUND;One-Time;CAD,CAD,true,false,QuantumBit Fundamentals Training,Standard Price Book;true,QB-TRN-FUND,One-Time;OneTime,9158.5
QB-TRN-FUND;One-Time;CHF,CHF,true,false,QuantumBit Fundamentals Training,Standard Price Book;true,QB-TRN-FUND,One-Time;OneTime,5289.5
QB-TRN-FUND;One-Time;JPY,JPY,true,false,QuantumBit Fundamentals Training,Standard Price Book;true,QB-TRN-FUND,One-Time;OneTime,1060063
QB-VegaX200;One-Time;USD,USD,true,false,QB-Accel VegaX200,Standard Price Book;true,QB-VegaX200,One-Time;OneTime,15000
QB-VegaX200;One-Time;GBP,GBP,true,false,QB-Accel VegaX200,Standard Price Book;true,QB-VegaX200,One-Time;OneTime,11216
QB-VegaX200;One-Time;EUR,EUR,true,false,QB-Accel VegaX200,Standard Price Book;true,QB-VegaX200,One-Time;OneTime,13145.5
QB-VegaX200;One-Time;AUD,AUD,true,false,QB-Accel VegaX200,Standard Price Book;true,QB-VegaX200,One-Time;OneTime,21452
QB-VegaX200;One-Time;CAD,CAD,true,false,QB-Accel VegaX200,Standard Price Book;true,QB-VegaX200,One-Time;OneTime,21135
QB-VegaX200;One-Time;CHF,CHF,true,false,QB-Accel VegaX200,Standard Price Book;true,QB-VegaX200,One-Time;OneTime,12206.5
QB-VegaX200;One-Time;JPY,JPY,true,false,QB-Accel VegaX200,Standard Price Book;true,QB-VegaX200,One-Time;OneTime,2446300
TEST-SUB;Evergreen Annual;USD,USD,true,false,QuantumBit Subscription,Standard Price Book;true,TEST-SUB,Evergreen Annual;Evergreen,420
TEST-SUB;Evergreen Annual;GBP,GBP,true,false,QuantumBit Subscription,Standard Price Book;true,TEST-SUB,Evergreen Annual;Evergreen,314
TEST-SUB;Evergreen Annual;EUR,EUR,true,false,QuantumBit Subscription,Standard Price Book;true,TEST-SUB,Evergreen Annual;Evergreen,368
TEST-SUB;Evergreen Annual;AUD,AUD,true,false,QuantumBit Subscription,Standard Price Book;true,TEST-SUB,Evergreen Annual;Evergreen,600.5
TEST-SUB;Evergreen Annual;CAD,CAD,true,false,QuantumBit Subscription,Standard Price Book;true,TEST-SUB,Evergreen Annual;Evergreen,592
TEST-SUB;Evergreen Annual;CHF,CHF,true,false,QuantumBit Subscription,Standard Price Book;true,TEST-SUB,Evergreen Annual;Evergreen,342
TEST-SUB;Evergreen Annual;JPY,JPY,true,false,QuantumBit Subscription,Standard Price Book;true,TEST-SUB,Evergreen Annual;Evergreen,68496
TEST-SUB;Evergreen Monthly;USD,USD,true,false,QuantumBit Subscription,Standard Price Book;true,TEST-SUB,Evergreen Monthly;Evergreen,35
TEST-SUB;Evergreen Monthly;GBP,GBP,true,false,QuantumBit Subscription,Standard Price Book;true,TEST-SUB,Evergreen Monthly;Evergreen,26
TEST-SUB;Evergreen Monthly;EUR,EUR,true,false,QuantumBit Subscription,Standard Price Book;true,TEST-SUB,Evergreen Monthly;Evergreen,30.5
TEST-SUB;Evergreen Monthly;AUD,AUD,true,false,QuantumBit Subscription,Standard Price Book;true,TEST-SUB,Evergreen Monthly;Evergreen,50
TEST-SUB;Evergreen Monthly;CAD,CAD,true,false,QuantumBit Subscription,Standard Price Book;true,TEST-SUB,Evergreen Monthly;Evergreen,49.5
TEST-SUB;Evergreen Monthly;CHF,CHF,true,false,QuantumBit Subscription,Standard Price Book;true,TEST-SUB,Evergreen Monthly;Evergreen,28.5
TEST-SUB;Evergreen Monthly;JPY,JPY,true,false,QuantumBit Subscription,Standard Price Book;true,TEST-SUB,Evergreen Monthly;Evergreen,5708
TEST-SUB;Term Annual;USD,USD,true,false,QuantumBit Subscription,Standard Price Book;true,TEST-SUB,Term Annual;TermDefined,360
TEST-SUB;Term Annual;GBP,GBP,true,false,QuantumBit Subscription,Standard Price Book;true,TEST-SUB,Term Annual;TermDefined,269
TEST-SUB;Term Annual;EUR,EUR,true,false,QuantumBit Subscription,Standard Price Book;true,TEST-SUB,Term Annual;TermDefined,315.5
TEST-SUB;Term Annual;AUD,AUD,true,false,QuantumBit Subscription,Standard Price Book;true,TEST-SUB,Term Annual;TermDefined,515
TEST-SUB;Term Annual;CAD,CAD,true,false,QuantumBit Subscription,Standard Price Book;true,TEST-SUB,Term Annual;TermDefined,507
TEST-SUB;Term Annual;CHF,CHF,true,false,QuantumBit Subscription,Standard Price Book;true,TEST-SUB,Term Annual;TermDefined,293
TEST-SUB;Term Annual;JPY,JPY,true,false,QuantumBit Subscription,Standard Price Book;true,TEST-SUB,Term Annual;TermDefined,58711
TEST-SUB;Term Monthly;USD,USD,true,false,QuantumBit Subscription,Standard Price Book;true,TEST-SUB,Term Monthly;TermDefined,30
TEST-SUB;Term Monthly;GBP,GBP,true,false,QuantumBit Subscription,Standard Price Book;true,TEST-SUB,Term Monthly;TermDefined,22.5
TEST-SUB;Term Monthly;EUR,EUR,true,false,QuantumBit Subscription,Standard Price Book;true,TEST-SUB,Term Monthly;TermDefined,26.5
TEST-SUB;Term Monthly;AUD,AUD,true,false,QuantumBit Subscription,Standard Price Book;true,TEST-SUB,Term Monthly;TermDefined,43
TEST-SUB;Term Monthly;CAD,CAD,true,false,QuantumBit Subscription,Standard Price Book;true,TEST-SUB,Term Monthly;TermDefined,42.5
TEST-SUB;Term Monthly;CHF,CHF,true,false,QuantumBit Subscription,Standard Price Book;true,TEST-SUB,Term Monthly;TermDefined,24.5
TEST-SUB;Term Monthly;JPY,JPY,true,false,QuantumBit Subscription,Standard Price Book;true,TEST-SUB,Term Monthly;TermDefined,4893
PROD-1000281857;One-Time;USD,USD,true,false,Switch ASIC,Standard Price Book;true,PROD-1000281857,One-Time;OneTime,2500
PROD-1000281857;One-Time;GBP,GBP,true,false,Switch ASIC,Standard Price Book;true,PROD-1000281857,One-Time;OneTime,1869.5
PROD-1000281857;One-Time;EUR,EUR,true,false,Switch ASIC,Standard Price Book;true,PROD-1000281857,One-Time;OneTime,2191
PROD-1000281857;One-Time;AUD,AUD,true,false,Switch ASIC,Standard Price Book;true,PROD-1000281857,One-Time;OneTime,3575.5
PROD-1000281857;One-Time;CAD,CAD,true,false,Switch ASIC,Standard Price Book;true,PROD-1000281857,One-Time;OneTime,3522.5
PROD-1000281857;One-Time;CHF,CHF,true,false,Switch ASIC,Standard Price Book;true,PROD-1000281857,One-Time;OneTime,2034.5
PROD-1000281857;One-Time;JPY,JPY,true,false,Switch ASIC,Standard Price Book;true,PROD-1000281857,One-Time;OneTime,407717
PROD-1002254785;One-Time;USD,USD,true,false,PDU Outlet Whip,Standard Price Book;true,PROD-1002254785,One-Time;OneTime,250
PROD-1002254785;One-Time;GBP,GBP,true,false,PDU Outlet Whip,Standard Price Book;true,PROD-1002254785,One-Time;OneTime,187
PROD-1002254785;One-Time;EUR,EUR,true,false,PDU Outlet Whip,Standard Price Book;true,PROD-1002254785,One-Time;OneTime,219
PROD-1002254785;One-Time;AUD,AUD,true,false,PDU Outlet Whip,Standard Price Book;true,PROD-1002254785,One-Time;OneTime,357.5
PROD-1002254785;One-Time;CAD,CAD,true,false,PDU Outlet Whip,Standard Price Book;true,PROD-1002254785,One-Time;OneTime,352
PROD-1002254785;One-Time;CHF,CHF,true,false,PDU Outlet Whip,Standard Price Book;true,PROD-1002254785,One-Time;OneTime,203.5
PROD-1002254785;One-Time;JPY,JPY,true,false,PDU Outlet Whip,Standard Price Book;true,PROD-1002254785,One-Time;OneTime,40772
PROD-1008704562;One-Time;USD,USD,true,false,Network Fabric,Standard Price Book;true,PROD-1008704562,One-Time;OneTime,26700
PROD-1008704562;One-Time;GBP,GBP,true,false,Network Fabric,Standard Price Book;true,PROD-1008704562,One-Time;OneTime,19964
PROD-1008704562;One-Time;EUR,EUR,true,false,Network Fabric,Standard Price Book;true,PROD-1008704562,One-Time;OneTime,23399
PROD-1008704562;One-Time;AUD,AUD,true,false,Network Fabric,Standard Price Book;true,PROD-1008704562,One-Time;OneTime,38185
PROD-1008704562;One-Time;CAD,CAD,true,false,Network Fabric,Standard Price Book;true,PROD-1008704562,One-Time;OneTime,37620
PROD-1008704562;One-Time;CHF,CHF,true,false,Network Fabric,Standard Price Book;true,PROD-1008704562,One-Time;OneTime,21727.5
PROD-1008704562;One-Time;JPY,JPY,true,false,Network Fabric,Standard Price Book;true,PROD-1008704562,One-Time;OneTime,4354413
PROD-1038139044;One-Time;USD,USD,true,false,NVMe U.2 SSD 3.84TB,Standard Price Book;true,PROD-1038139044,One-Time;OneTime,300
PROD-1038139044;One-Time;GBP,GBP,true,false,NVMe U.2 SSD 3.84TB,Standard Price Book;true,PROD-1038139044,One-Time;OneTime,224.5
PROD-1038139044;One-Time;EUR,EUR,true,false,NVMe U.2 SSD 3.84TB,Standard Price Book;true,PROD-1038139044,One-Time;OneTime,263
PROD-1038139044;One-Time;AUD,AUD,true,false,NVMe U.2 SSD 3.84TB,Standard Price Book;true,PROD-1038139044,One-Time;OneTime,429
PROD-1038139044;One-Time;CAD,CAD,true,false,NVMe U.2 SSD 3.84TB,Standard Price Book;true,PROD-1038139044,One-Time;OneTime,422.5
PROD-1038139044;One-Time;CHF,CHF,true,false,NVMe U.2 SSD 3.84TB,Standard Price Book;true,PROD-1038139044,One-Time;OneTime,244
PROD-1038139044;One-Time;JPY,JPY,true,false,NVMe U.2 SSD 3.84TB,Standard Price Book;true,PROD-1038139044,One-Time;OneTime,48926
PROD-1046989797;One-Time;USD,USD,true,false,Breaker Set,Standard Price Book;true,PROD-1046989797,One-Time;OneTime,125
PROD-1046989797;One-Time;GBP,GBP,true,false,Breaker Set,Standard Price Book;true,PROD-1046989797,One-Time;OneTime,93.5
PROD-1046989797;One-Time;EUR,EUR,true,false,Breaker Set,Standard Price Book;true,PROD-1046989797,One-Time;OneTime,109.5
PROD-1046989797;One-Time;AUD,AUD,true,false,Breaker Set,Standard Price Book;true,PROD-1046989797,One-Time;OneTime,179
PROD-1046989797;One-Time;CAD,CAD,true,false,Breaker Set,Standard Price Book;true,PROD-1046989797,One-Time;OneTime,176
PROD-1046989797;One-Time;CHF,CHF,true,false,Breaker Set,Standard Price Book;true,PROD-1046989797,One-Time;OneTime,101.5
PROD-1046989797;One-Time;JPY,JPY,true,false,Breaker Set,Standard Price Book;true,PROD-1046989797,One-Time;OneTime,20386
PROD-1054187061;One-Time;USD,USD,true,false,Charger Module,Standard Price Book;true,PROD-1054187061,One-Time;OneTime,500
PROD-1054187061;One-Time;GBP,GBP,true,false,Charger Module,Standard Price Book;true,PROD-1054187061,One-Time;OneTime,374
PROD-1054187061;One-Time;EUR,EUR,true,false,Charger Module,Standard Price Book;true,PROD-1054187061,One-Time;OneTime,438
PROD-1054187061;One-Time;AUD,AUD,true,false,Charger Module,Standard Price Book;true,PROD-1054187061,One-Time;OneTime,715
PROD-1054187061;One-Time;CAD,CAD,true,false,Charger Module,Standard Price Book;true,PROD-1054187061,One-Time;OneTime,704.5
PROD-1054187061;One-Time;CHF,CHF,true,false,Charger Module,Standard Price Book;true,PROD-1054187061,One-Time;OneTime,407
PROD-1054187061;One-Time;JPY,JPY,true,false,Charger Module,Standard Price Book;true,PROD-1054187061,One-Time;OneTime,81543
PROD-1065068854;One-Time;USD,USD,true,false,Bypass Switch,Standard Price Book;true,PROD-1065068854,One-Time;OneTime,230
PROD-1065068854;One-Time;GBP,GBP,true,false,Bypass Switch,Standard Price Book;true,PROD-1065068854,One-Time;OneTime,172
PROD-1065068854;One-Time;EUR,EUR,true,false,Bypass Switch,Standard Price Book;true,PROD-1065068854,One-Time;OneTime,201.5
PROD-1065068854;One-Time;AUD,AUD,true,false,Bypass Switch,Standard Price Book;true,PROD-1065068854,One-Time;OneTime,329
PROD-1065068854;One-Time;CAD,CAD,true,false,Bypass Switch,Standard Price Book;true,PROD-1065068854,One-Time;OneTime,324
PROD-1065068854;One-Time;CHF,CHF,true,false,Bypass Switch,Standard Price Book;true,PROD-1065068854,One-Time;OneTime,187
PROD-1065068854;One-Time;JPY,JPY,true,false,Bypass Switch,Standard Price Book;true,PROD-1065068854,One-Time;OneTime,37510
PROD-1066573967;One-Time;USD,USD,true,false,Front Door,Standard Price Book;true,PROD-1066573967,One-Time;OneTime,45
PROD-1066573967;One-Time;GBP,GBP,true,false,Front Door,Standard Price Book;true,PROD-1066573967,One-Time;OneTime,33.5
PROD-1066573967;One-Time;EUR,EUR,true,false,Front Door,Standard Price Book;true,PROD-1066573967,One-Time;OneTime,39.5
PROD-1066573967;One-Time;AUD,AUD,true,false,Front Door,Standard Price Book;true,PROD-1066573967,One-Time;OneTime,64.5
PROD-1066573967;One-Time;CAD,CAD,true,false,Front Door,Standard Price Book;true,PROD-1066573967,One-Time;OneTime,63.5
PROD-1066573967;One-Time;CHF,CHF,true,false,Front Door,Standard Price Book;true,PROD-1066573967,One-Time;OneTime,36.5
PROD-1066573967;One-Time;JPY,JPY,true,false,Front Door,Standard Price Book;true,PROD-1066573967,One-Time;OneTime,7339
PROD-1078575407;One-Time;USD,USD,true,false,Dual PSU & Fan Modules,Standard Price Book;true,PROD-1078575407,One-Time;OneTime,1700
PROD-1078575407;One-Time;GBP,GBP,true,false,Dual PSU & Fan Modules,Standard Price Book;true,PROD-1078575407,One-Time;OneTime,1271
PROD-1078575407;One-Time;EUR,EUR,true,false,Dual PSU & Fan Modules,Standard Price Book;true,PROD-1078575407,One-Time;OneTime,1490
PROD-1078575407;One-Time;AUD,AUD,true,false,Dual PSU & Fan Modules,Standard Price Book;true,PROD-1078575407,One-Time;OneTime,2431
PROD-1078575407;One-Time;CAD,CAD,true,false,Dual PSU & Fan Modules,Standard Price Book;true,PROD-1078575407,One-Time;OneTime,2395.5
PROD-1078575407;One-Time;CHF,CHF,true,false,Dual PSU & Fan Modules,Standard Price Book;true,PROD-1078575407,One-Time;OneTime,1383.5
PROD-1078575407;One-Time;JPY,JPY,true,false,Dual PSU & Fan Modules,Standard Price Book;true,PROD-1078575407,One-Time;OneTime,277247
PROD-111239623;One-Time;USD,USD,true,false,1U LCD Tray,Standard Price Book;true,PROD-111239623,One-Time;OneTime,400
PROD-111239623;One-Time;GBP,GBP,true,false,1U LCD Tray,Standard Price Book;true,PROD-111239623,One-Time;OneTime,299
PROD-111239623;One-Time;EUR,EUR,true,false,1U LCD Tray,Standard Price Book;true,PROD-111239623,One-Time;OneTime,350.5
PROD-111239623;One-Time;AUD,AUD,true,false,1U LCD Tray,Standard Price Book;true,PROD-111239623,One-Time;OneTime,572
PROD-111239623;One-Time;CAD,CAD,true,false,1U LCD Tray,Standard Price Book;true,PROD-111239623,One-Time;OneTime,563.5
PROD-111239623;One-Time;CHF,CHF,true,false,1U LCD Tray,Standard Price Book;true,PROD-111239623,One-Time;OneTime,325.5
PROD-111239623;One-Time;JPY,JPY,true,false,1U LCD Tray,Standard Price Book;true,PROD-111239623,One-Time;OneTime,65235
PROD-1128940216;One-Time;USD,USD,true,false,Perforated Doors,Standard Price Book;true,PROD-1128940216,One-Time;OneTime,560
PROD-1128940216;One-Time;GBP,GBP,true,false,Perforated Doors,Standard Price Book;true,PROD-1128940216,One-Time;OneTime,418.5
PROD-1128940216;One-Time;EUR,EUR,true,false,Perforated Doors,Standard Price Book;true,PROD-1128940216,One-Time;OneTime,491
PROD-1128940216;One-Time;AUD,AUD,true,false,Perforated Doors,Standard Price Book;true,PROD-1128940216,One-Time;OneTime,801
PROD-1128940216;One-Time;CAD,CAD,true,false,Perforated Doors,Standard Price Book;true,PROD-1128940216,One-Time;OneTime,789
PROD-1128940216;One-Time;CHF,CHF,true,false,Perforated Doors,Standard Price Book;true,PROD-1128940216,One-Time;OneTime,455.5
PROD-1128940216;One-Time;JPY,JPY,true,false,Perforated Doors,Standard Price Book;true,PROD-1128940216,One-Time;OneTime,91329
PROD-1153963439;One-Time;USD,USD,true,false,Metering Board,Standard Price Book;true,PROD-1153963439,One-Time;OneTime,120
PROD-1153963439;One-Time;GBP,GBP,true,false,Metering Board,Standard Price Book;true,PROD-1153963439,One-Time;OneTime,89.5
PROD-1153963439;One-Time;EUR,EUR,true,false,Metering Board,Standard Price Book;true,PROD-1153963439,One-Time;OneTime,105
PROD-1153963439;One-Time;AUD,AUD,true,false,Metering Board,Standard Price Book;true,PROD-1153963439,One-Time;OneTime,171.5
PROD-1153963439;One-Time;CAD,CAD,true,false,Metering Board,Standard Price Book;true,PROD-1153963439,One-Time;OneTime,169
PROD-1153963439;One-Time;CHF,CHF,true,false,Metering Board,Standard Price Book;true,PROD-1153963439,One-Time;OneTime,97.5
PROD-1153963439;One-Time;JPY,JPY,true,false,Metering Board,Standard Price Book;true,PROD-1153963439,One-Time;OneTime,19570
PROD-1160394163;One-Time;USD,USD,true,false,Online UPS Module,Standard Price Book;true,PROD-1160394163,One-Time;OneTime,2500
PROD-1160394163;One-Time;GBP,GBP,true,false,Online UPS Module,Standard Price Book;true,PROD-1160394163,One-Time;OneTime,1869.5
PROD-1160394163;One-Time;EUR,EUR,true,false,Online UPS Module,Standard Price Book;true,PROD-1160394163,One-Time;OneTime,2191
PROD-1160394163;One-Time;AUD,AUD,true,false,Online UPS Module,Standard Price Book;true,PROD-1160394163,One-Time;OneTime,3575.5
PROD-1160394163;One-Time;CAD,CAD,true,false,Online UPS Module,Standard Price Book;true,PROD-1160394163,One-Time;OneTime,3522.5
PROD-1160394163;One-Time;CHF,CHF,true,false,Online UPS Module,Standard Price Book;true,PROD-1160394163,One-Time;OneTime,2034.5
PROD-1160394163;One-Time;JPY,JPY,true,false,Online UPS Module,Standard Price Book;true,PROD-1160394163,One-Time;OneTime,407717
PROD-1167731127;One-Time;USD,USD,true,false,Outlet Strips,Standard Price Book;true,PROD-1167731127,One-Time;OneTime,300
PROD-1167731127;One-Time;GBP,GBP,true,false,Outlet Strips,Standard Price Book;true,PROD-1167731127,One-Time;OneTime,224.5
PROD-1167731127;One-Time;EUR,EUR,true,false,Outlet Strips,Standard Price Book;true,PROD-1167731127,One-Time;OneTime,263
PROD-1167731127;One-Time;AUD,AUD,true,false,Outlet Strips,Standard Price Book;true,PROD-1167731127,One-Time;OneTime,429
PROD-1167731127;One-Time;CAD,CAD,true,false,Outlet Strips,Standard Price Book;true,PROD-1167731127,One-Time;OneTime,422.5
PROD-1167731127;One-Time;CHF,CHF,true,false,Outlet Strips,Standard Price Book;true,PROD-1167731127,One-Time;OneTime,244
PROD-1167731127;One-Time;JPY,JPY,true,false,Outlet Strips,Standard Price Book;true,PROD-1167731127,One-Time;OneTime,48926
PROD-1176699896;One-Time;USD,USD,true,false,Cable Tie Pack,Standard Price Book;true,PROD-1176699896,One-Time;OneTime,10
PROD-1176699896;One-Time;GBP,GBP,true,false,Cable Tie Pack,Standard Price Book;true,PROD-1176699896,One-Time;OneTime,7.5
PROD-1176699896;One-Time;EUR,EUR,true,false,Cable Tie Pack,Standard Price Book;true,PROD-1176699896,One-Time;OneTime,9
PROD-1176699896;One-Time;AUD,AUD,true,false,Cable Tie Pack,Standard Price Book;true,PROD-1176699896,One-Time;OneTime,14.5
PROD-1176699896;One-Time;CAD,CAD,true,false,Cable Tie Pack,Standard Price Book;true,PROD-1176699896,One-Time;OneTime,14
PROD-1176699896;One-Time;CHF,CHF,true,false,Cable Tie Pack,Standard Price Book;true,PROD-1176699896,One-Time;OneTime,8
PROD-1176699896;One-Time;JPY,JPY,true,false,Cable Tie Pack,Standard Price Book;true,PROD-1176699896,One-Time;OneTime,1631
PROD-1202444971;One-Time;USD,USD,true,false,External Battery Pack,Standard Price Book;true,PROD-1202444971,One-Time;OneTime,800
PROD-1202444971;One-Time;GBP,GBP,true,false,External Battery Pack,Standard Price Book;true,PROD-1202444971,One-Time;OneTime,598
PROD-1202444971;One-Time;EUR,EUR,true,false,External Battery Pack,Standard Price Book;true,PROD-1202444971,One-Time;OneTime,701
PROD-1202444971;One-Time;AUD,AUD,true,false,External Battery Pack,Standard Price Book;true,PROD-1202444971,One-Time;OneTime,1144
PROD-1202444971;One-Time;CAD,CAD,true,false,External Battery Pack,Standard Price Book;true,PROD-1202444971,One-Time;OneTime,1127
PROD-1202444971;One-Time;CHF,CHF,true,false,External Battery Pack,Standard Price Book;true,PROD-1202444971,One-Time;OneTime,651
PROD-1202444971;One-Time;JPY,JPY,true,false,External Battery Pack,Standard Price Book;true,PROD-1202444971,One-Time;OneTime,130469
PROD-1223537488;One-Time;USD,USD,true,false,Generic Component A,Standard Price Book;true,PROD-1223537488,One-Time;OneTime,1250
PROD-1223537488;One-Time;GBP,GBP,true,false,Generic Component A,Standard Price Book;true,PROD-1223537488,One-Time;OneTime,934.5
PROD-1223537488;One-Time;EUR,EUR,true,false,Generic Component A,Standard Price Book;true,PROD-1223537488,One-Time;OneTime,1095.5
PROD-1223537488;One-Time;AUD,AUD,true,false,Generic Component A,Standard Price Book;true,PROD-1223537488,One-Time;OneTime,1787.5
PROD-1223537488;One-Time;CAD,CAD,true,false,Generic Component A,Standard Price Book;true,PROD-1223537488,One-Time;OneTime,1761
PROD-1223537488;One-Time;CHF,CHF,true,false,Generic Component A,Standard Price Book;true,PROD-1223537488,One-Time;OneTime,1017
PROD-1223537488;One-Time;JPY,JPY,true,false,Generic Component A,Standard Price Book;true,PROD-1223537488,One-Time;OneTime,203858
PROD-1232611253;One-Time;USD,USD,true,false,Generic Component A,Standard Price Book;true,PROD-1232611253,One-Time;OneTime,850
PROD-1232611253;One-Time;GBP,GBP,true,false,Generic Component A,Standard Price Book;true,PROD-1232611253,One-Time;OneTime,635.5
PROD-1232611253;One-Time;EUR,EUR,true,false,Generic Component A,Standard Price Book;true,PROD-1232611253,One-Time;OneTime,745
PROD-1232611253;One-Time;AUD,AUD,true,false,Generic Component A,Standard Price Book;true,PROD-1232611253,One-Time;OneTime,1215.5
PROD-1232611253;One-Time;CAD,CAD,true,false,Generic Component A,Standard Price Book;true,PROD-1232611253,One-Time;OneTime,1197.5
PROD-1232611253;One-Time;CHF,CHF,true,false,Generic Component A,Standard Price Book;true,PROD-1232611253,One-Time;OneTime,691.5
PROD-1232611253;One-Time;JPY,JPY,true,false,Generic Component A,Standard Price Book;true,PROD-1232611253,One-Time;OneTime,138624
PROD-1234105735;One-Time;USD,USD,true,false,Redundant PDUs (A/B),Standard Price Book;true,PROD-1234105735,One-Time;OneTime,1090
PROD-1234105735;One-Time;GBP,GBP,true,false,Redundant PDUs (A/B),Standard Price Book;true,PROD-1234105735,One-Time;OneTime,815
PROD-1234105735;One-Time;EUR,EUR,true,false,Redundant PDUs (A/B),Standard Price Book;true,PROD-1234105735,One-Time;OneTime,955
PROD-1234105735;One-Time;AUD,AUD,true,false,Redundant PDUs (A/B),Standard Price Book;true,PROD-1234105735,One-Time;OneTime,1559
PROD-1234105735;One-Time;CAD,CAD,true,false,Redundant PDUs (A/B),Standard Price Book;true,PROD-1234105735,One-Time;OneTime,1536
PROD-1234105735;One-Time;CHF,CHF,true,false,Redundant PDUs (A/B),Standard Price Book;true,PROD-1234105735,One-Time;OneTime,887
PROD-1234105735;One-Time;JPY,JPY,true,false,Redundant PDUs (A/B),Standard Price Book;true,PROD-1234105735,One-Time;OneTime,177764
PROD-1247640563;One-Time;USD,USD,true,false,PSU Set (2x),Standard Price Book;true,PROD-1247640563,One-Time;OneTime,2000
PROD-1247640563;One-Time;GBP,GBP,true,false,PSU Set (2x),Standard Price Book;true,PROD-1247640563,One-Time;OneTime,1495.5
PROD-1247640563;One-Time;EUR,EUR,true,false,PSU Set (2x),Standard Price Book;true,PROD-1247640563,One-Time;OneTime,1752.5
PROD-1247640563;One-Time;AUD,AUD,true,false,PSU Set (2x),Standard Price Book;true,PROD-1247640563,One-Time;OneTime,2860.5
PROD-1247640563;One-Time;CAD,CAD,true,false,PSU Set (2x),Standard Price Book;true,PROD-1247640563,One-Time;OneTime,2818
PROD-1247640563;One-Time;CHF,CHF,true,false,PSU Set (2x),Standard Price Book;true,PROD-1247640563,One-Time;OneTime,1627.5
PROD-1247640563;One-Time;JPY,JPY,true,false,PSU Set (2x),Standard Price Book;true,PROD-1247640563,One-Time;OneTime,326173
PROD-1249967782;One-Time;USD,USD,true,false,USB Console Cable,Standard Price Book;true,PROD-1249967782,One-Time;OneTime,15
PROD-1249967782;One-Time;GBP,GBP,true,false,USB Console Cable,Standard Price Book;true,PROD-1249967782,One-Time;OneTime,11
PROD-1249967782;One-Time;EUR,EUR,true,false,USB Console Cable,Standard Price Book;true,PROD-1249967782,One-Time;OneTime,13
PROD-1249967782;One-Time;AUD,AUD,true,false,USB Console Cable,Standard Price Book;true,PROD-1249967782,One-Time;OneTime,21.5
PROD-1249967782;One-Time;CAD,CAD,true,false,USB Console Cable,Standard Price Book;true,PROD-1249967782,One-Time;OneTime,21
PROD-1249967782;One-Time;CHF,CHF,true,false,USB Console Cable,Standard Price Book;true,PROD-1249967782,One-Time;OneTime,12
PROD-1249967782;One-Time;JPY,JPY,true,false,USB Console Cable,Standard Price Book;true,PROD-1249967782,One-Time;OneTime,2446
PROD-1289692484;One-Time;USD,USD,true,false,Generic Component A,Standard Price Book;true,PROD-1289692484,One-Time;OneTime,400
PROD-1289692484;One-Time;GBP,GBP,true,false,Generic Component A,Standard Price Book;true,PROD-1289692484,One-Time;OneTime,299
PROD-1289692484;One-Time;EUR,EUR,true,false,Generic Component A,Standard Price Book;true,PROD-1289692484,One-Time;OneTime,350.5
PROD-1289692484;One-Time;AUD,AUD,true,false,Generic Component A,Standard Price Book;true,PROD-1289692484,One-Time;OneTime,572
PROD-1289692484;One-Time;CAD,CAD,true,false,Generic Component A,Standard Price Book;true,PROD-1289692484,One-Time;OneTime,563.5
PROD-1289692484;One-Time;CHF,CHF,true,false,Generic Component A,Standard Price Book;true,PROD-1289692484,One-Time;OneTime,325.5
PROD-1289692484;One-Time;JPY,JPY,true,false,Generic Component A,Standard Price Book;true,PROD-1289692484,One-Time;OneTime,65235
PROD-1298719794;One-Time;USD,USD,true,false,Brush Strips & Baffles,Standard Price Book;true,PROD-1298719794,One-Time;OneTime,70
PROD-1298719794;One-Time;GBP,GBP,true,false,Brush Strips & Baffles,Standard Price Book;true,PROD-1298719794,One-Time;OneTime,52.5
PROD-1298719794;One-Time;EUR,EUR,true,false,Brush Strips & Baffles,Standard Price Book;true,PROD-1298719794,One-Time;OneTime,61.5
PROD-1298719794;One-Time;AUD,AUD,true,false,Brush Strips & Baffles,Standard Price Book;true,PROD-1298719794,One-Time;OneTime,100
PROD-1298719794;One-Time;CAD,CAD,true,false,Brush Strips & Baffles,Standard Price Book;true,PROD-1298719794,One-Time;OneTime,98.5
PROD-1298719794;One-Time;CHF,CHF,true,false,Brush Strips & Baffles,Standard Price Book;true,PROD-1298719794,One-Time;OneTime,57
PROD-1298719794;One-Time;JPY,JPY,true,false,Brush Strips & Baffles,Standard Price Book;true,PROD-1298719794,One-Time;OneTime,11416
PROD-1302496369;One-Time;USD,USD,true,false,Mgmt Appliance Chassis,Standard Price Book;true,PROD-1302496369,One-Time;OneTime,500
PROD-1302496369;One-Time;GBP,GBP,true,false,Mgmt Appliance Chassis,Standard Price Book;true,PROD-1302496369,One-Time;OneTime,374
PROD-1302496369;One-Time;EUR,EUR,true,false,Mgmt Appliance Chassis,Standard Price Book;true,PROD-1302496369,One-Time;OneTime,438
PROD-1302496369;One-Time;AUD,AUD,true,false,Mgmt Appliance Chassis,Standard Price Book;true,PROD-1302496369,One-Time;OneTime,715
PROD-1302496369;One-Time;CAD,CAD,true,false,Mgmt Appliance Chassis,Standard Price Book;true,PROD-1302496369,One-Time;OneTime,704.5
PROD-1302496369;One-Time;CHF,CHF,true,false,Mgmt Appliance Chassis,Standard Price Book;true,PROD-1302496369,One-Time;OneTime,407
PROD-1302496369;One-Time;JPY,JPY,true,false,Mgmt Appliance Chassis,Standard Price Book;true,PROD-1302496369,One-Time;OneTime,81543
PROD-1310694555;One-Time;USD,USD,true,false,24‑bay NVMe JBOF,Standard Price Book;true,PROD-1310694555,One-Time;OneTime,4000
PROD-1310694555;One-Time;GBP,GBP,true,false,24‑bay NVMe JBOF,Standard Price Book;true,PROD-1310694555,One-Time;OneTime,2991
PROD-1310694555;One-Time;EUR,EUR,true,false,24‑bay NVMe JBOF,Standard Price Book;true,PROD-1310694555,One-Time;OneTime,3505.5
PROD-1310694555;One-Time;AUD,AUD,true,false,24‑bay NVMe JBOF,Standard Price Book;true,PROD-1310694555,One-Time;OneTime,5720.5
PROD-1310694555;One-Time;CAD,CAD,true,false,24‑bay NVMe JBOF,Standard Price Book;true,PROD-1310694555,One-Time;OneTime,5636
PROD-1310694555;One-Time;CHF,CHF,true,false,24‑bay NVMe JBOF,Standard Price Book;true,PROD-1310694555,One-Time;OneTime,3255
PROD-1310694555;One-Time;JPY,JPY,true,false,24‑bay NVMe JBOF,Standard Price Book;true,PROD-1310694555,One-Time;OneTime,652347
PROD-1324161108;One-Time;USD,USD,true,false,Rails & Mounting,Standard Price Book;true,PROD-1324161108,One-Time;OneTime,4400
PROD-1324161108;One-Time;GBP,GBP,true,false,Rails & Mounting,Standard Price Book;true,PROD-1324161108,One-Time;OneTime,3290
PROD-1324161108;One-Time;EUR,EUR,true,false,Rails & Mounting,Standard Price Book;true,PROD-1324161108,One-Time;OneTime,3856
PROD-1324161108;One-Time;AUD,AUD,true,false,Rails & Mounting,Standard Price Book;true,PROD-1324161108,One-Time;OneTime,6292.5
PROD-1324161108;One-Time;CAD,CAD,true,false,Rails & Mounting,Standard Price Book;true,PROD-1324161108,One-Time;OneTime,6199.5
PROD-1324161108;One-Time;CHF,CHF,true,false,Rails & Mounting,Standard Price Book;true,PROD-1324161108,One-Time;OneTime,3580.5
PROD-1324161108;One-Time;JPY,JPY,true,false,Rails & Mounting,Standard Price Book;true,PROD-1324161108,One-Time;OneTime,717581
PROD-1361853679;One-Time;USD,USD,true,false,24‑bay SAS Shelf,Standard Price Book;true,PROD-1361853679,One-Time;OneTime,3000
PROD-1361853679;One-Time;GBP,GBP,true,false,24‑bay SAS Shelf,Standard Price Book;true,PROD-1361853679,One-Time;OneTime,2243
PROD-1361853679;One-Time;EUR,EUR,true,false,24‑bay SAS Shelf,Standard Price Book;true,PROD-1361853679,One-Time;OneTime,2629
PROD-1361853679;One-Time;AUD,AUD,true,false,24‑bay SAS Shelf,Standard Price Book;true,PROD-1361853679,One-Time;OneTime,4290.5
PROD-1361853679;One-Time;CAD,CAD,true,false,24‑bay SAS Shelf,Standard Price Book;true,PROD-1361853679,One-Time;OneTime,4227
PROD-1361853679;One-Time;CHF,CHF,true,false,24‑bay SAS Shelf,Standard Price Book;true,PROD-1361853679,One-Time;OneTime,2441.5
PROD-1361853679;One-Time;JPY,JPY,true,false,24‑bay SAS Shelf,Standard Price Book;true,PROD-1361853679,One-Time;OneTime,489260
PROD-1380327064;One-Time;USD,USD,true,false,Dual IOM (PCIe),Standard Price Book;true,PROD-1380327064,One-Time;OneTime,3000
PROD-1380327064;One-Time;GBP,GBP,true,false,Dual IOM (PCIe),Standard Price Book;true,PROD-1380327064,One-Time;OneTime,2243
PROD-1380327064;One-Time;EUR,EUR,true,false,Dual IOM (PCIe),Standard Price Book;true,PROD-1380327064,One-Time;OneTime,2629
PROD-1380327064;One-Time;AUD,AUD,true,false,Dual IOM (PCIe),Standard Price Book;true,PROD-1380327064,One-Time;OneTime,4290.5
PROD-1380327064;One-Time;CAD,CAD,true,false,Dual IOM (PCIe),Standard Price Book;true,PROD-1380327064,One-Time;OneTime,4227
PROD-1380327064;One-Time;CHF,CHF,true,false,Dual IOM (PCIe),Standard Price Book;true,PROD-1380327064,One-Time;OneTime,2441.5
PROD-1380327064;One-Time;JPY,JPY,true,false,Dual IOM (PCIe),Standard Price Book;true,PROD-1380327064,One-Time;OneTime,489260
PROD-1427074895;One-Time;USD,USD,true,false,Outlet Strips,Standard Price Book;true,PROD-1427074895,One-Time;OneTime,300
PROD-1427074895;One-Time;GBP,GBP,true,false,Outlet Strips,Standard Price Book;true,PROD-1427074895,One-Time;OneTime,224.5
PROD-1427074895;One-Time;EUR,EUR,true,false,Outlet Strips,Standard Price Book;true,PROD-1427074895,One-Time;OneTime,263
PROD-1427074895;One-Time;AUD,AUD,true,false,Outlet Strips,Standard Price Book;true,PROD-1427074895,One-Time;OneTime,429
PROD-1427074895;One-Time;CAD,CAD,true,false,Outlet Strips,Standard Price Book;true,PROD-1427074895,One-Time;OneTime,422.5
PROD-1427074895;One-Time;CHF,CHF,true,false,Outlet Strips,Standard Price Book;true,PROD-1427074895,One-Time;OneTime,244
PROD-1427074895;One-Time;JPY,JPY,true,false,Outlet Strips,Standard Price Book;true,PROD-1427074895,One-Time;OneTime,48926
PROD-1448587501;One-Time;USD,USD,true,false,Generic Component B,Standard Price Book;true,PROD-1448587501,One-Time;OneTime,400
PROD-1448587501;One-Time;GBP,GBP,true,false,Generic Component B,Standard Price Book;true,PROD-1448587501,One-Time;OneTime,299
PROD-1448587501;One-Time;EUR,EUR,true,false,Generic Component B,Standard Price Book;true,PROD-1448587501,One-Time;OneTime,350.5
PROD-1448587501;One-Time;AUD,AUD,true,false,Generic Component B,Standard Price Book;true,PROD-1448587501,One-Time;OneTime,572
PROD-1448587501;One-Time;CAD,CAD,true,false,Generic Component B,Standard Price Book;true,PROD-1448587501,One-Time;OneTime,563.5
PROD-1448587501;One-Time;CHF,CHF,true,false,Generic Component B,Standard Price Book;true,PROD-1448587501,One-Time;OneTime,325.5
PROD-1448587501;One-Time;JPY,JPY,true,false,Generic Component B,Standard Price Book;true,PROD-1448587501,One-Time;OneTime,65235
PROD-1472536093;One-Time;USD,USD,true,false,128x 100GbE Spine,Standard Price Book;true,PROD-1472536093,One-Time;OneTime,16000
PROD-1472536093;One-Time;GBP,GBP,true,false,128x 100GbE Spine,Standard Price Book;true,PROD-1472536093,One-Time;OneTime,11963.5
PROD-1472536093;One-Time;EUR,EUR,true,false,128x 100GbE Spine,Standard Price Book;true,PROD-1472536093,One-Time;OneTime,14022
PROD-1472536093;One-Time;AUD,AUD,true,false,128x 100GbE Spine,Standard Price Book;true,PROD-1472536093,One-Time;OneTime,22882.5
PROD-1472536093;One-Time;CAD,CAD,true,false,128x 100GbE Spine,Standard Price Book;true,PROD-1472536093,One-Time;OneTime,22544
PROD-1472536093;One-Time;CHF,CHF,true,false,128x 100GbE Spine,Standard Price Book;true,PROD-1472536093,One-Time;OneTime,13020
PROD-1472536093;One-Time;JPY,JPY,true,false,128x 100GbE Spine,Standard Price Book;true,PROD-1472536093,One-Time;OneTime,2609386
PROD-148835828;One-Time;USD,USD,true,false,Compute Cluster,Standard Price Book;true,PROD-148835828,One-Time;OneTime,21000
PROD-148835828;One-Time;GBP,GBP,true,false,Compute Cluster,Standard Price Book;true,PROD-148835828,One-Time;OneTime,15702
PROD-148835828;One-Time;EUR,EUR,true,false,Compute Cluster,Standard Price Book;true,PROD-148835828,One-Time;OneTime,18403.5
PROD-148835828;One-Time;AUD,AUD,true,false,Compute Cluster,Standard Price Book;true,PROD-148835828,One-Time;OneTime,30033
PROD-148835828;One-Time;CAD,CAD,true,false,Compute Cluster,Standard Price Book;true,PROD-148835828,One-Time;OneTime,29589
PROD-148835828;One-Time;CHF,CHF,true,false,Compute Cluster,Standard Price Book;true,PROD-148835828,One-Time;OneTime,17089
PROD-148835828;One-Time;JPY,JPY,true,false,Compute Cluster,Standard Price Book;true,PROD-148835828,One-Time;OneTime,3424819
PROD-1491788725;One-Time;USD,USD,true,false,Dual IOM (SAS),Standard Price Book;true,PROD-1491788725,One-Time;OneTime,2000
PROD-1491788725;One-Time;GBP,GBP,true,false,Dual IOM (SAS),Standard Price Book;true,PROD-1491788725,One-Time;OneTime,1495.5
PROD-1491788725;One-Time;EUR,EUR,true,false,Dual IOM (SAS),Standard Price Book;true,PROD-1491788725,One-Time;OneTime,1752.5
PROD-1491788725;One-Time;AUD,AUD,true,false,Dual IOM (SAS),Standard Price Book;true,PROD-1491788725,One-Time;OneTime,2860.5
PROD-1491788725;One-Time;CAD,CAD,true,false,Dual IOM (SAS),Standard Price Book;true,PROD-1491788725,One-Time;OneTime,2818
PROD-1491788725;One-Time;CHF,CHF,true,false,Dual IOM (SAS),Standard Price Book;true,PROD-1491788725,One-Time;OneTime,1627.5
PROD-1491788725;One-Time;JPY,JPY,true,false,Dual IOM (SAS),Standard Price Book;true,PROD-1491788725,One-Time;OneTime,326173
PROD-1511371870;One-Time;USD,USD,true,false,Rack Screw & Cage Nut (set),Standard Price Book;true,PROD-1511371870,One-Time;OneTime,15
PROD-1511371870;One-Time;GBP,GBP,true,false,Rack Screw & Cage Nut (set),Standard Price Book;true,PROD-1511371870,One-Time;OneTime,11
PROD-1511371870;One-Time;EUR,EUR,true,false,Rack Screw & Cage Nut (set),Standard Price Book;true,PROD-1511371870,One-Time;OneTime,13
PROD-1511371870;One-Time;AUD,AUD,true,false,Rack Screw & Cage Nut (set),Standard Price Book;true,PROD-1511371870,One-Time;OneTime,21.5
PROD-1511371870;One-Time;CAD,CAD,true,false,Rack Screw & Cage Nut (set),Standard Price Book;true,PROD-1511371870,One-Time;OneTime,21
PROD-1511371870;One-Time;CHF,CHF,true,false,Rack Screw & Cage Nut (set),Standard Price Book;true,PROD-1511371870,One-Time;OneTime,12
PROD-1511371870;One-Time;JPY,JPY,true,false,Rack Screw & Cage Nut (set),Standard Price Book;true,PROD-1511371870,One-Time;OneTime,2446
PROD-1514472773;One-Time;USD,USD,true,false,RJ‑45 Patch 3m,Standard Price Book;true,PROD-1514472773,One-Time;OneTime,8
PROD-1514472773;One-Time;GBP,GBP,true,false,RJ‑45 Patch 3m,Standard Price Book;true,PROD-1514472773,One-Time;OneTime,6
PROD-1514472773;One-Time;EUR,EUR,true,false,RJ‑45 Patch 3m,Standard Price Book;true,PROD-1514472773,One-Time;OneTime,7
PROD-1514472773;One-Time;AUD,AUD,true,false,RJ‑45 Patch 3m,Standard Price Book;true,PROD-1514472773,One-Time;OneTime,11.5
PROD-1514472773;One-Time;CAD,CAD,true,false,RJ‑45 Patch 3m,Standard Price Book;true,PROD-1514472773,One-Time;OneTime,11.5
PROD-1514472773;One-Time;CHF,CHF,true,false,RJ‑45 Patch 3m,Standard Price Book;true,PROD-1514472773,One-Time;OneTime,6.5
PROD-1514472773;One-Time;JPY,JPY,true,false,RJ‑45 Patch 3m,Standard Price Book;true,PROD-1514472773,One-Time;OneTime,1305
PROD-1517433427;One-Time;USD,USD,true,false,1U Dual‑CPU Servers,Standard Price Book;true,PROD-1517433427,One-Time;OneTime,9000
PROD-1517433427;One-Time;GBP,GBP,true,false,1U Dual‑CPU Servers,Standard Price Book;true,PROD-1517433427,One-Time;OneTime,6729.5
PROD-1517433427;One-Time;EUR,EUR,true,false,1U Dual‑CPU Servers,Standard Price Book;true,PROD-1517433427,One-Time;OneTime,7887.5
PROD-1517433427;One-Time;AUD,AUD,true,false,1U Dual‑CPU Servers,Standard Price Book;true,PROD-1517433427,One-Time;OneTime,12871.5
PROD-1517433427;One-Time;CAD,CAD,true,false,1U Dual‑CPU Servers,Standard Price Book;true,PROD-1517433427,One-Time;OneTime,12681
PROD-1517433427;One-Time;CHF,CHF,true,false,1U Dual‑CPU Servers,Standard Price Book;true,PROD-1517433427,One-Time;OneTime,7324
PROD-1517433427;One-Time;JPY,JPY,true,false,1U Dual‑CPU Servers,Standard Price Book;true,PROD-1517433427,One-Time;OneTime,1467780
PROD-1533783581;One-Time;USD,USD,true,false,Fan Controller Board,Standard Price Book;true,PROD-1533783581,One-Time;OneTime,400
PROD-1533783581;One-Time;GBP,GBP,true,false,Fan Controller Board,Standard Price Book;true,PROD-1533783581,One-Time;OneTime,299
PROD-1533783581;One-Time;EUR,EUR,true,false,Fan Controller Board,Standard Price Book;true,PROD-1533783581,One-Time;OneTime,350.5
PROD-1533783581;One-Time;AUD,AUD,true,false,Fan Controller Board,Standard Price Book;true,PROD-1533783581,One-Time;OneTime,572
PROD-1533783581;One-Time;CAD,CAD,true,false,Fan Controller Board,Standard Price Book;true,PROD-1533783581,One-Time;OneTime,563.5
PROD-1533783581;One-Time;CHF,CHF,true,false,Fan Controller Board,Standard Price Book;true,PROD-1533783581,One-Time;OneTime,325.5
PROD-1533783581;One-Time;JPY,JPY,true,false,Fan Controller Board,Standard Price Book;true,PROD-1533783581,One-Time;OneTime,65235
PROD-1536519560;One-Time;USD,USD,true,false,Generic Component B,Standard Price Book;true,PROD-1536519560,One-Time;OneTime,50
PROD-1536519560;One-Time;GBP,GBP,true,false,Generic Component B,Standard Price Book;true,PROD-1536519560,One-Time;OneTime,37.5
PROD-1536519560;One-Time;EUR,EUR,true,false,Generic Component B,Standard Price Book;true,PROD-1536519560,One-Time;OneTime,44
PROD-1536519560;One-Time;AUD,AUD,true,false,Generic Component B,Standard Price Book;true,PROD-1536519560,One-Time;OneTime,71.5
PROD-1536519560;One-Time;CAD,CAD,true,false,Generic Component B,Standard Price Book;true,PROD-1536519560,One-Time;OneTime,70.5
PROD-1536519560;One-Time;CHF,CHF,true,false,Generic Component B,Standard Price Book;true,PROD-1536519560,One-Time;OneTime,40.5
PROD-1536519560;One-Time;JPY,JPY,true,false,Generic Component B,Standard Price Book;true,PROD-1536519560,One-Time;OneTime,8154
PROD-1547313492;One-Time;USD,USD,true,false,Generic Component A,Standard Price Book;true,PROD-1547313492,One-Time;OneTime,35
PROD-1547313492;One-Time;GBP,GBP,true,false,Generic Component A,Standard Price Book;true,PROD-1547313492,One-Time;OneTime,26
PROD-1547313492;One-Time;EUR,EUR,true,false,Generic Component A,Standard Price Book;true,PROD-1547313492,One-Time;OneTime,30.5
PROD-1547313492;One-Time;AUD,AUD,true,false,Generic Component A,Standard Price Book;true,PROD-1547313492,One-Time;OneTime,50
PROD-1547313492;One-Time;CAD,CAD,true,false,Generic Component A,Standard Price Book;true,PROD-1547313492,One-Time;OneTime,49.5
PROD-1547313492;One-Time;CHF,CHF,true,false,Generic Component A,Standard Price Book;true,PROD-1547313492,One-Time;OneTime,28.5
PROD-1547313492;One-Time;JPY,JPY,true,false,Generic Component A,Standard Price Book;true,PROD-1547313492,One-Time;OneTime,5708
PROD-1559036382;One-Time;USD,USD,true,false,42U Uprights/Beams,Standard Price Book;true,PROD-1559036382,One-Time;OneTime,2550
PROD-1559036382;One-Time;GBP,GBP,true,false,42U Uprights/Beams,Standard Price Book;true,PROD-1559036382,One-Time;OneTime,1906.5
PROD-1559036382;One-Time;EUR,EUR,true,false,42U Uprights/Beams,Standard Price Book;true,PROD-1559036382,One-Time;OneTime,2234.5
PROD-1559036382;One-Time;AUD,AUD,true,false,42U Uprights/Beams,Standard Price Book;true,PROD-1559036382,One-Time;OneTime,3647
PROD-1559036382;One-Time;CAD,CAD,true,false,42U Uprights/Beams,Standard Price Book;true,PROD-1559036382,One-Time;OneTime,3593
PROD-1559036382;One-Time;CHF,CHF,true,false,42U Uprights/Beams,Standard Price Book;true,PROD-1559036382,One-Time;OneTime,2075
PROD-1559036382;One-Time;JPY,JPY,true,false,42U Uprights/Beams,Standard Price Book;true,PROD-1559036382,One-Time;OneTime,415871
PROD-1563124993;One-Time;USD,USD,true,false,In‑Rack Fan Trays,Standard Price Book;true,PROD-1563124993,One-Time;OneTime,680
PROD-1563124993;One-Time;GBP,GBP,true,false,In‑Rack Fan Trays,Standard Price Book;true,PROD-1563124993,One-Time;OneTime,508.5
PROD-1563124993;One-Time;EUR,EUR,true,false,In‑Rack Fan Trays,Standard Price Book;true,PROD-1563124993,One-Time;OneTime,596
PROD-1563124993;One-Time;AUD,AUD,true,false,In‑Rack Fan Trays,Standard Price Book;true,PROD-1563124993,One-Time;OneTime,972.5
PROD-1563124993;One-Time;CAD,CAD,true,false,In‑Rack Fan Trays,Standard Price Book;true,PROD-1563124993,One-Time;OneTime,958
PROD-1563124993;One-Time;CHF,CHF,true,false,In‑Rack Fan Trays,Standard Price Book;true,PROD-1563124993,One-Time;OneTime,553.5
PROD-1563124993;One-Time;JPY,JPY,true,false,In‑Rack Fan Trays,Standard Price Book;true,PROD-1563124993,One-Time;OneTime,110899
PROD-1563341377;One-Time;USD,USD,true,false,Side Panels,Standard Price Book;true,PROD-1563341377,One-Time;OneTime,260
PROD-1563341377;One-Time;GBP,GBP,true,false,Side Panels,Standard Price Book;true,PROD-1563341377,One-Time;OneTime,194.5
PROD-1563341377;One-Time;EUR,EUR,true,false,Side Panels,Standard Price Book;true,PROD-1563341377,One-Time;OneTime,228
PROD-1563341377;One-Time;AUD,AUD,true,false,Side Panels,Standard Price Book;true,PROD-1563341377,One-Time;OneTime,372
PROD-1563341377;One-Time;CAD,CAD,true,false,Side Panels,Standard Price Book;true,PROD-1563341377,One-Time;OneTime,366.5
PROD-1563341377;One-Time;CHF,CHF,true,false,Side Panels,Standard Price Book;true,PROD-1563341377,One-Time;OneTime,211.5
PROD-1563341377;One-Time;JPY,JPY,true,false,Side Panels,Standard Price Book;true,PROD-1563341377,One-Time;OneTime,42403
PROD-1574258426;One-Time;USD,USD,true,false,Rail Mount Bracket,Standard Price Book;true,PROD-1574258426,One-Time;OneTime,20
PROD-1574258426;One-Time;GBP,GBP,true,false,Rail Mount Bracket,Standard Price Book;true,PROD-1574258426,One-Time;OneTime,15
PROD-1574258426;One-Time;EUR,EUR,true,false,Rail Mount Bracket,Standard Price Book;true,PROD-1574258426,One-Time;OneTime,17.5
PROD-1574258426;One-Time;AUD,AUD,true,false,Rail Mount Bracket,Standard Price Book;true,PROD-1574258426,One-Time;OneTime,28.5
PROD-1574258426;One-Time;CAD,CAD,true,false,Rail Mount Bracket,Standard Price Book;true,PROD-1574258426,One-Time;OneTime,28
PROD-1574258426;One-Time;CHF,CHF,true,false,Rail Mount Bracket,Standard Price Book;true,PROD-1574258426,One-Time;OneTime,16.5
PROD-1574258426;One-Time;JPY,JPY,true,false,Rail Mount Bracket,Standard Price Book;true,PROD-1574258426,One-Time;OneTime,3262
PROD-1576658789;One-Time;USD,USD,true,false,Generic Component B,Standard Price Book;true,PROD-1576658789,One-Time;OneTime,1250
PROD-1576658789;One-Time;GBP,GBP,true,false,Generic Component B,Standard Price Book;true,PROD-1576658789,One-Time;OneTime,934.5
PROD-1576658789;One-Time;EUR,EUR,true,false,Generic Component B,Standard Price Book;true,PROD-1576658789,One-Time;OneTime,1095.5
PROD-1576658789;One-Time;AUD,AUD,true,false,Generic Component B,Standard Price Book;true,PROD-1576658789,One-Time;OneTime,1787.5
PROD-1576658789;One-Time;CAD,CAD,true,false,Generic Component B,Standard Price Book;true,PROD-1576658789,One-Time;OneTime,1761
PROD-1576658789;One-Time;CHF,CHF,true,false,Generic Component B,Standard Price Book;true,PROD-1576658789,One-Time;OneTime,1017
PROD-1576658789;One-Time;JPY,JPY,true,false,Generic Component B,Standard Price Book;true,PROD-1576658789,One-Time;OneTime,203858
PROD-1593141905;One-Time;USD,USD,true,false,Rear Door,Standard Price Book;true,PROD-1593141905,One-Time;OneTime,85
PROD-1593141905;One-Time;GBP,GBP,true,false,Rear Door,Standard Price Book;true,PROD-1593141905,One-Time;OneTime,63.5
PROD-1593141905;One-Time;EUR,EUR,true,false,Rear Door,Standard Price Book;true,PROD-1593141905,One-Time;OneTime,74.5
PROD-1593141905;One-Time;AUD,AUD,true,false,Rear Door,Standard Price Book;true,PROD-1593141905,One-Time;OneTime,121.5
PROD-1593141905;One-Time;CAD,CAD,true,false,Rear Door,Standard Price Book;true,PROD-1593141905,One-Time;OneTime,120
PROD-1593141905;One-Time;CHF,CHF,true,false,Rear Door,Standard Price Book;true,PROD-1593141905,One-Time;OneTime,69
PROD-1593141905;One-Time;JPY,JPY,true,false,Rear Door,Standard Price Book;true,PROD-1593141905,One-Time;OneTime,13862
PROD-159863330;One-Time;USD,USD,true,false,PDU‑A (30A/3‑phase),Standard Price Book;true,PROD-159863330,One-Time;OneTime,545
PROD-159863330;One-Time;GBP,GBP,true,false,PDU‑A (30A/3‑phase),Standard Price Book;true,PROD-159863330,One-Time;OneTime,407.5
PROD-159863330;One-Time;EUR,EUR,true,false,PDU‑A (30A/3‑phase),Standard Price Book;true,PROD-159863330,One-Time;OneTime,477.5
PROD-159863330;One-Time;AUD,AUD,true,false,PDU‑A (30A/3‑phase),Standard Price Book;true,PROD-159863330,One-Time;OneTime,779.5
PROD-159863330;One-Time;CAD,CAD,true,false,PDU‑A (30A/3‑phase),Standard Price Book;true,PROD-159863330,One-Time;OneTime,768
PROD-159863330;One-Time;CHF,CHF,true,false,PDU‑A (30A/3‑phase),Standard Price Book;true,PROD-159863330,One-Time;OneTime,443.5
PROD-159863330;One-Time;JPY,JPY,true,false,PDU‑A (30A/3‑phase),Standard Price Book;true,PROD-159863330,One-Time;OneTime,88882
PROD-1603627899;One-Time;USD,USD,true,false,Airflow Management (Blanking/Brush),Standard Price Book;true,PROD-1603627899,One-Time;OneTime,165
PROD-1603627899;One-Time;GBP,GBP,true,false,Airflow Management (Blanking/Brush),Standard Price Book;true,PROD-1603627899,One-Time;OneTime,123.5
PROD-1603627899;One-Time;EUR,EUR,true,false,Airflow Management (Blanking/Brush),Standard Price Book;true,PROD-1603627899,One-Time;OneTime,144.5
PROD-1603627899;One-Time;AUD,AUD,true,false,Airflow Management (Blanking/Brush),Standard Price Book;true,PROD-1603627899,One-Time;OneTime,236
PROD-1603627899;One-Time;CAD,CAD,true,false,Airflow Management (Blanking/Brush),Standard Price Book;true,PROD-1603627899,One-Time;OneTime,232.5
PROD-1603627899;One-Time;CHF,CHF,true,false,Airflow Management (Blanking/Brush),Standard Price Book;true,PROD-1603627899,One-Time;OneTime,134.5
PROD-1603627899;One-Time;JPY,JPY,true,false,Airflow Management (Blanking/Brush),Standard Price Book;true,PROD-1603627899,One-Time;OneTime,26909
PROD-1607828377;One-Time;USD,USD,true,false,Motherboard (2‑socket),Standard Price Book;true,PROD-1607828377,One-Time;OneTime,7000
PROD-1607828377;One-Time;GBP,GBP,true,false,Motherboard (2‑socket),Standard Price Book;true,PROD-1607828377,One-Time;OneTime,5234
PROD-1607828377;One-Time;EUR,EUR,true,false,Motherboard (2‑socket),Standard Price Book;true,PROD-1607828377,One-Time;OneTime,6134.5
PROD-1607828377;One-Time;AUD,AUD,true,false,Motherboard (2‑socket),Standard Price Book;true,PROD-1607828377,One-Time;OneTime,10011
PROD-1607828377;One-Time;CAD,CAD,true,false,Motherboard (2‑socket),Standard Price Book;true,PROD-1607828377,One-Time;OneTime,9863
PROD-1607828377;One-Time;CHF,CHF,true,false,Motherboard (2‑socket),Standard Price Book;true,PROD-1607828377,One-Time;OneTime,5696.5
PROD-1607828377;One-Time;JPY,JPY,true,false,Motherboard (2‑socket),Standard Price Book;true,PROD-1607828377,One-Time;OneTime,1141606
PROD-1609709205;One-Time;USD,USD,true,false,Blanking Panels Set,Standard Price Book;true,PROD-1609709205,One-Time;OneTime,95
PROD-1609709205;One-Time;GBP,GBP,true,false,Blanking Panels Set,Standard Price Book;true,PROD-1609709205,One-Time;OneTime,71
PROD-1609709205;One-Time;EUR,EUR,true,false,Blanking Panels Set,Standard Price Book;true,PROD-1609709205,One-Time;OneTime,83.5
PROD-1609709205;One-Time;AUD,AUD,true,false,Blanking Panels Set,Standard Price Book;true,PROD-1609709205,One-Time;OneTime,136
PROD-1609709205;One-Time;CAD,CAD,true,false,Blanking Panels Set,Standard Price Book;true,PROD-1609709205,One-Time;OneTime,134
PROD-1609709205;One-Time;CHF,CHF,true,false,Blanking Panels Set,Standard Price Book;true,PROD-1609709205,One-Time;OneTime,77.5
PROD-1609709205;One-Time;JPY,JPY,true,false,Blanking Panels Set,Standard Price Book;true,PROD-1609709205,One-Time;OneTime,15493
PROD-1616292046;One-Time;USD,USD,true,false,Dual NIC & BMC,Standard Price Book;true,PROD-1616292046,One-Time;OneTime,300
PROD-1616292046;One-Time;GBP,GBP,true,false,Dual NIC & BMC,Standard Price Book;true,PROD-1616292046,One-Time;OneTime,224.5
PROD-1616292046;One-Time;EUR,EUR,true,false,Dual NIC & BMC,Standard Price Book;true,PROD-1616292046,One-Time;OneTime,263
PROD-1616292046;One-Time;AUD,AUD,true,false,Dual NIC & BMC,Standard Price Book;true,PROD-1616292046,One-Time;OneTime,429
PROD-1616292046;One-Time;CAD,CAD,true,false,Dual NIC & BMC,Standard Price Book;true,PROD-1616292046,One-Time;OneTime,422.5
PROD-1616292046;One-Time;CHF,CHF,true,false,Dual NIC & BMC,Standard Price Book;true,PROD-1616292046,One-Time;OneTime,244
PROD-1616292046;One-Time;JPY,JPY,true,false,Dual NIC & BMC,Standard Price Book;true,PROD-1616292046,One-Time;OneTime,48926
PROD-1673140239;One-Time;USD,USD,true,false,M.2 SSD 512GB (OS),Standard Price Book;true,PROD-1673140239,One-Time;OneTime,50
PROD-1673140239;One-Time;GBP,GBP,true,false,M.2 SSD 512GB (OS),Standard Price Book;true,PROD-1673140239,One-Time;OneTime,37.5
PROD-1673140239;One-Time;EUR,EUR,true,false,M.2 SSD 512GB (OS),Standard Price Book;true,PROD-1673140239,One-Time;OneTime,44
PROD-1673140239;One-Time;AUD,AUD,true,false,M.2 SSD 512GB (OS),Standard Price Book;true,PROD-1673140239,One-Time;OneTime,71.5
PROD-1673140239;One-Time;CAD,CAD,true,false,M.2 SSD 512GB (OS),Standard Price Book;true,PROD-1673140239,One-Time;OneTime,70.5
PROD-1673140239;One-Time;CHF,CHF,true,false,M.2 SSD 512GB (OS),Standard Price Book;true,PROD-1673140239,One-Time;OneTime,40.5
PROD-1673140239;One-Time;JPY,JPY,true,false,M.2 SSD 512GB (OS),Standard Price Book;true,PROD-1673140239,One-Time;OneTime,8154
PROD-1704766065;One-Time;USD,USD,true,false,Battery String,Standard Price Book;true,PROD-1704766065,One-Time;OneTime,300
PROD-1704766065;One-Time;GBP,GBP,true,false,Battery String,Standard Price Book;true,PROD-1704766065,One-Time;OneTime,224.5
PROD-1704766065;One-Time;EUR,EUR,true,false,Battery String,Standard Price Book;true,PROD-1704766065,One-Time;OneTime,263
PROD-1704766065;One-Time;AUD,AUD,true,false,Battery String,Standard Price Book;true,PROD-1704766065,One-Time;OneTime,429
PROD-1704766065;One-Time;CAD,CAD,true,false,Battery String,Standard Price Book;true,PROD-1704766065,One-Time;OneTime,422.5
PROD-1704766065;One-Time;CHF,CHF,true,false,Battery String,Standard Price Book;true,PROD-1704766065,One-Time;OneTime,244
PROD-1704766065;One-Time;JPY,JPY,true,false,Battery String,Standard Price Book;true,PROD-1704766065,One-Time;OneTime,48926
PROD-1744092313;One-Time;USD,USD,true,false,Security & Safety,Standard Price Book;true,PROD-1744092313,One-Time;OneTime,3985
PROD-1744092313;One-Time;GBP,GBP,true,false,Security & Safety,Standard Price Book;true,PROD-1744092313,One-Time;OneTime,2979.5
PROD-1744092313;One-Time;EUR,EUR,true,false,Security & Safety,Standard Price Book;true,PROD-1744092313,One-Time;OneTime,3492.5
PROD-1744092313;One-Time;AUD,AUD,true,false,Security & Safety,Standard Price Book;true,PROD-1744092313,One-Time;OneTime,5699
PROD-1744092313;One-Time;CAD,CAD,true,false,Security & Safety,Standard Price Book;true,PROD-1744092313,One-Time;OneTime,5615
PROD-1744092313;One-Time;CHF,CHF,true,false,Security & Safety,Standard Price Book;true,PROD-1744092313,One-Time;OneTime,3243
PROD-1744092313;One-Time;JPY,JPY,true,false,Security & Safety,Standard Price Book;true,PROD-1744092313,One-Time;OneTime,649900
PROD-1766568232;One-Time;USD,USD,true,false,Inverter Module,Standard Price Book;true,PROD-1766568232,One-Time;OneTime,1500
PROD-1766568232;One-Time;GBP,GBP,true,false,Inverter Module,Standard Price Book;true,PROD-1766568232,One-Time;OneTime,1121.5
PROD-1766568232;One-Time;EUR,EUR,true,false,Inverter Module,Standard Price Book;true,PROD-1766568232,One-Time;OneTime,1314.5
PROD-1766568232;One-Time;AUD,AUD,true,false,Inverter Module,Standard Price Book;true,PROD-1766568232,One-Time;OneTime,2145
PROD-1766568232;One-Time;CAD,CAD,true,false,Inverter Module,Standard Price Book;true,PROD-1766568232,One-Time;OneTime,2113.5
PROD-1766568232;One-Time;CHF,CHF,true,false,Inverter Module,Standard Price Book;true,PROD-1766568232,One-Time;OneTime,1220.5
PROD-1766568232;One-Time;JPY,JPY,true,false,Inverter Module,Standard Price Book;true,PROD-1766568232,One-Time;OneTime,244630
PROD-1768772247;One-Time;USD,USD,true,false,Heatsink Assembly,Standard Price Book;true,PROD-1768772247,One-Time;OneTime,60
PROD-1768772247;One-Time;GBP,GBP,true,false,Heatsink Assembly,Standard Price Book;true,PROD-1768772247,One-Time;OneTime,45
PROD-1768772247;One-Time;EUR,EUR,true,false,Heatsink Assembly,Standard Price Book;true,PROD-1768772247,One-Time;OneTime,52.5
PROD-1768772247;One-Time;AUD,AUD,true,false,Heatsink Assembly,Standard Price Book;true,PROD-1768772247,One-Time;OneTime,86
PROD-1768772247;One-Time;CAD,CAD,true,false,Heatsink Assembly,Standard Price Book;true,PROD-1768772247,One-Time;OneTime,84.5
PROD-1768772247;One-Time;CHF,CHF,true,false,Heatsink Assembly,Standard Price Book;true,PROD-1768772247,One-Time;OneTime,49
PROD-1768772247;One-Time;JPY,JPY,true,false,Heatsink Assembly,Standard Price Book;true,PROD-1768772247,One-Time;OneTime,9785
PROD-1776230868;One-Time;USD,USD,true,false,Hot‑swap Fan Tray,Standard Price Book;true,PROD-1776230868,One-Time;OneTime,280
PROD-1776230868;One-Time;GBP,GBP,true,false,Hot‑swap Fan Tray,Standard Price Book;true,PROD-1776230868,One-Time;OneTime,209.5
PROD-1776230868;One-Time;EUR,EUR,true,false,Hot‑swap Fan Tray,Standard Price Book;true,PROD-1776230868,One-Time;OneTime,245.5
PROD-1776230868;One-Time;AUD,AUD,true,false,Hot‑swap Fan Tray,Standard Price Book;true,PROD-1776230868,One-Time;OneTime,400.5
PROD-1776230868;One-Time;CAD,CAD,true,false,Hot‑swap Fan Tray,Standard Price Book;true,PROD-1776230868,One-Time;OneTime,394.5
PROD-1776230868;One-Time;CHF,CHF,true,false,Hot‑swap Fan Tray,Standard Price Book;true,PROD-1776230868,One-Time;OneTime,228
PROD-1776230868;One-Time;JPY,JPY,true,false,Hot‑swap Fan Tray,Standard Price Book;true,PROD-1776230868,One-Time;OneTime,45664
PROD-1795624702;One-Time;USD,USD,true,false,Inlet Cordset (IEC‑309),Standard Price Book;true,PROD-1795624702,One-Time;OneTime,330
PROD-1795624702;One-Time;GBP,GBP,true,false,Inlet Cordset (IEC‑309),Standard Price Book;true,PROD-1795624702,One-Time;OneTime,246.5
PROD-1795624702;One-Time;EUR,EUR,true,false,Inlet Cordset (IEC‑309),Standard Price Book;true,PROD-1795624702,One-Time;OneTime,289
PROD-1795624702;One-Time;AUD,AUD,true,false,Inlet Cordset (IEC‑309),Standard Price Book;true,PROD-1795624702,One-Time;OneTime,472
PROD-1795624702;One-Time;CAD,CAD,true,false,Inlet Cordset (IEC‑309),Standard Price Book;true,PROD-1795624702,One-Time;OneTime,465
PROD-1795624702;One-Time;CHF,CHF,true,false,Inlet Cordset (IEC‑309),Standard Price Book;true,PROD-1795624702,One-Time;OneTime,268.5
PROD-1795624702;One-Time;JPY,JPY,true,false,Inlet Cordset (IEC‑309),Standard Price Book;true,PROD-1795624702,One-Time;OneTime,53819
PROD-1803530052;One-Time;USD,USD,true,false,Hardware Kit,Standard Price Book;true,PROD-1803530052,One-Time;OneTime,245
PROD-1803530052;One-Time;GBP,GBP,true,false,Hardware Kit,Standard Price Book;true,PROD-1803530052,One-Time;OneTime,183
PROD-1803530052;One-Time;EUR,EUR,true,false,Hardware Kit,Standard Price Book;true,PROD-1803530052,One-Time;OneTime,214.5
PROD-1803530052;One-Time;AUD,AUD,true,false,Hardware Kit,Standard Price Book;true,PROD-1803530052,One-Time;OneTime,350.5
PROD-1803530052;One-Time;CAD,CAD,true,false,Hardware Kit,Standard Price Book;true,PROD-1803530052,One-Time;OneTime,345
PROD-1803530052;One-Time;CHF,CHF,true,false,Hardware Kit,Standard Price Book;true,PROD-1803530052,One-Time;OneTime,199.5
PROD-1803530052;One-Time;JPY,JPY,true,false,Hardware Kit,Standard Price Book;true,PROD-1803530052,One-Time;OneTime,39956
PROD-1809409779;One-Time;USD,USD,true,false,LCD/KVM‑over‑IP Console,Standard Price Book;true,PROD-1809409779,One-Time;OneTime,680
PROD-1809409779;One-Time;GBP,GBP,true,false,LCD/KVM‑over‑IP Console,Standard Price Book;true,PROD-1809409779,One-Time;OneTime,508.5
PROD-1809409779;One-Time;EUR,EUR,true,false,LCD/KVM‑over‑IP Console,Standard Price Book;true,PROD-1809409779,One-Time;OneTime,596
PROD-1809409779;One-Time;AUD,AUD,true,false,LCD/KVM‑over‑IP Console,Standard Price Book;true,PROD-1809409779,One-Time;OneTime,972.5
PROD-1809409779;One-Time;CAD,CAD,true,false,LCD/KVM‑over‑IP Console,Standard Price Book;true,PROD-1809409779,One-Time;OneTime,958
PROD-1809409779;One-Time;CHF,CHF,true,false,LCD/KVM‑over‑IP Console,Standard Price Book;true,PROD-1809409779,One-Time;OneTime,553.5
PROD-1809409779;One-Time;JPY,JPY,true,false,LCD/KVM‑over‑IP Console,Standard Price Book;true,PROD-1809409779,One-Time;OneTime,110899
PROD-186801522;One-Time;USD,USD,true,false,NVMe Backplane Cable,Standard Price Book;true,PROD-186801522,One-Time;OneTime,45
PROD-186801522;One-Time;GBP,GBP,true,false,NVMe Backplane Cable,Standard Price Book;true,PROD-186801522,One-Time;OneTime,33.5
PROD-186801522;One-Time;EUR,EUR,true,false,NVMe Backplane Cable,Standard Price Book;true,PROD-186801522,One-Time;OneTime,39.5
PROD-186801522;One-Time;AUD,AUD,true,false,NVMe Backplane Cable,Standard Price Book;true,PROD-186801522,One-Time;OneTime,64.5
PROD-186801522;One-Time;CAD,CAD,true,false,NVMe Backplane Cable,Standard Price Book;true,PROD-186801522,One-Time;OneTime,63.5
PROD-186801522;One-Time;CHF,CHF,true,false,NVMe Backplane Cable,Standard Price Book;true,PROD-186801522,One-Time;OneTime,36.5
PROD-186801522;One-Time;JPY,JPY,true,false,NVMe Backplane Cable,Standard Price Book;true,PROD-186801522,One-Time;OneTime,7339
PROD-1878093187;One-Time;USD,USD,true,false,2U Dual‑CPU Servers,Standard Price Book;true,PROD-1878093187,One-Time;OneTime,12000
PROD-1878093187;One-Time;GBP,GBP,true,false,2U Dual‑CPU Servers,Standard Price Book;true,PROD-1878093187,One-Time;OneTime,8972.5
PROD-1878093187;One-Time;EUR,EUR,true,false,2U Dual‑CPU Servers,Standard Price Book;true,PROD-1878093187,One-Time;OneTime,10516.5
PROD-1878093187;One-Time;AUD,AUD,true,false,2U Dual‑CPU Servers,Standard Price Book;true,PROD-1878093187,One-Time;OneTime,17161.5
PROD-1878093187;One-Time;CAD,CAD,true,false,2U Dual‑CPU Servers,Standard Price Book;true,PROD-1878093187,One-Time;OneTime,16908
PROD-1878093187;One-Time;CHF,CHF,true,false,2U Dual‑CPU Servers,Standard Price Book;true,PROD-1878093187,One-Time;OneTime,9765
PROD-1878093187;One-Time;JPY,JPY,true,false,2U Dual‑CPU Servers,Standard Price Book;true,PROD-1878093187,One-Time;OneTime,1957040
PROD-188088183;One-Time;USD,USD,true,false,Breaker Module 30A,Standard Price Book;true,PROD-188088183,One-Time;OneTime,45
PROD-188088183;One-Time;GBP,GBP,true,false,Breaker Module 30A,Standard Price Book;true,PROD-188088183,One-Time;OneTime,33.5
PROD-188088183;One-Time;EUR,EUR,true,false,Breaker Module 30A,Standard Price Book;true,PROD-188088183,One-Time;OneTime,39.5
PROD-188088183;One-Time;AUD,AUD,true,false,Breaker Module 30A,Standard Price Book;true,PROD-188088183,One-Time;OneTime,64.5
PROD-188088183;One-Time;CAD,CAD,true,false,Breaker Module 30A,Standard Price Book;true,PROD-188088183,One-Time;OneTime,63.5
PROD-188088183;One-Time;CHF,CHF,true,false,Breaker Module 30A,Standard Price Book;true,PROD-188088183,One-Time;OneTime,36.5
PROD-188088183;One-Time;JPY,JPY,true,false,Breaker Module 30A,Standard Price Book;true,PROD-188088183,One-Time;OneTime,7339
PROD-1897393325;One-Time;USD,USD,true,false,Cabling & Harnesses,Standard Price Book;true,PROD-1897393325,One-Time;OneTime,225
PROD-1897393325;One-Time;GBP,GBP,true,false,Cabling & Harnesses,Standard Price Book;true,PROD-1897393325,One-Time;OneTime,168
PROD-1897393325;One-Time;EUR,EUR,true,false,Cabling & Harnesses,Standard Price Book;true,PROD-1897393325,One-Time;OneTime,197
PROD-1897393325;One-Time;AUD,AUD,true,false,Cabling & Harnesses,Standard Price Book;true,PROD-1897393325,One-Time;OneTime,322
PROD-1897393325;One-Time;CAD,CAD,true,false,Cabling & Harnesses,Standard Price Book;true,PROD-1897393325,One-Time;OneTime,317
PROD-1897393325;One-Time;CHF,CHF,true,false,Cabling & Harnesses,Standard Price Book;true,PROD-1897393325,One-Time;OneTime,183
PROD-1897393325;One-Time;JPY,JPY,true,false,Cabling & Harnesses,Standard Price Book;true,PROD-1897393325,One-Time;OneTime,36694
PROD-1917148511;One-Time;USD,USD,true,false,PSU Power Cord (C19),Standard Price Book;true,PROD-1917148511,One-Time;OneTime,25
PROD-1917148511;One-Time;GBP,GBP,true,false,PSU Power Cord (C19),Standard Price Book;true,PROD-1917148511,One-Time;OneTime,18.5
PROD-1917148511;One-Time;EUR,EUR,true,false,PSU Power Cord (C19),Standard Price Book;true,PROD-1917148511,One-Time;OneTime,22
PROD-1917148511;One-Time;AUD,AUD,true,false,PSU Power Cord (C19),Standard Price Book;true,PROD-1917148511,One-Time;OneTime,36
PROD-1917148511;One-Time;CAD,CAD,true,false,PSU Power Cord (C19),Standard Price Book;true,PROD-1917148511,One-Time;OneTime,35
PROD-1917148511;One-Time;CHF,CHF,true,false,PSU Power Cord (C19),Standard Price Book;true,PROD-1917148511,One-Time;OneTime,20.5
PROD-1917148511;One-Time;JPY,JPY,true,false,PSU Power Cord (C19),Standard Price Book;true,PROD-1917148511,One-Time;OneTime,4077
PROD-192607526;One-Time;USD,USD,true,false,SAS Cable (Mini‑SAS HD),Standard Price Book;true,PROD-192607526,One-Time;OneTime,40
PROD-192607526;One-Time;GBP,GBP,true,false,SAS Cable (Mini‑SAS HD),Standard Price Book;true,PROD-192607526,One-Time;OneTime,30
PROD-192607526;One-Time;EUR,EUR,true,false,SAS Cable (Mini‑SAS HD),Standard Price Book;true,PROD-192607526,One-Time;OneTime,35
PROD-192607526;One-Time;AUD,AUD,true,false,SAS Cable (Mini‑SAS HD),Standard Price Book;true,PROD-192607526,One-Time;OneTime,57
PROD-192607526;One-Time;CAD,CAD,true,false,SAS Cable (Mini‑SAS HD),Standard Price Book;true,PROD-192607526,One-Time;OneTime,56.5
PROD-192607526;One-Time;CHF,CHF,true,false,SAS Cable (Mini‑SAS HD),Standard Price Book;true,PROD-192607526,One-Time;OneTime,32.5
PROD-192607526;One-Time;JPY,JPY,true,false,SAS Cable (Mini‑SAS HD),Standard Price Book;true,PROD-192607526,One-Time;OneTime,6523
PROD-1939884557;One-Time;USD,USD,true,false,Smart Rack Locks & Access,Standard Price Book;true,PROD-1939884557,One-Time;OneTime,3400
PROD-1939884557;One-Time;GBP,GBP,true,false,Smart Rack Locks & Access,Standard Price Book;true,PROD-1939884557,One-Time;OneTime,2542
PROD-1939884557;One-Time;EUR,EUR,true,false,Smart Rack Locks & Access,Standard Price Book;true,PROD-1939884557,One-Time;OneTime,2979.5
PROD-1939884557;One-Time;AUD,AUD,true,false,Smart Rack Locks & Access,Standard Price Book;true,PROD-1939884557,One-Time;OneTime,4862.5
PROD-1939884557;One-Time;CAD,CAD,true,false,Smart Rack Locks & Access,Standard Price Book;true,PROD-1939884557,One-Time;OneTime,4790.5
PROD-1939884557;One-Time;CHF,CHF,true,false,Smart Rack Locks & Access,Standard Price Book;true,PROD-1939884557,One-Time;OneTime,2767
PROD-1939884557;One-Time;JPY,JPY,true,false,Smart Rack Locks & Access,Standard Price Book;true,PROD-1939884557,One-Time;OneTime,554495
PROD-1941355444;One-Time;USD,USD,true,false,Management & Monitoring,Standard Price Book;true,PROD-1941355444,One-Time;OneTime,1480
PROD-1941355444;One-Time;GBP,GBP,true,false,Management & Monitoring,Standard Price Book;true,PROD-1941355444,One-Time;OneTime,1106.5
PROD-1941355444;One-Time;EUR,EUR,true,false,Management & Monitoring,Standard Price Book;true,PROD-1941355444,One-Time;OneTime,1297
PROD-1941355444;One-Time;AUD,AUD,true,false,Management & Monitoring,Standard Price Book;true,PROD-1941355444,One-Time;OneTime,2116.5
PROD-1941355444;One-Time;CAD,CAD,true,false,Management & Monitoring,Standard Price Book;true,PROD-1941355444,One-Time;OneTime,2085.5
PROD-1941355444;One-Time;CHF,CHF,true,false,Management & Monitoring,Standard Price Book;true,PROD-1941355444,One-Time;OneTime,1204.5
PROD-1941355444;One-Time;JPY,JPY,true,false,Management & Monitoring,Standard Price Book;true,PROD-1941355444,One-Time;OneTime,241368
PROD-1956857281;One-Time;USD,USD,true,false,Kensington Lock Anchor,Standard Price Book;true,PROD-1956857281,One-Time;OneTime,30
PROD-1956857281;One-Time;GBP,GBP,true,false,Kensington Lock Anchor,Standard Price Book;true,PROD-1956857281,One-Time;OneTime,22.5
PROD-1956857281;One-Time;EUR,EUR,true,false,Kensington Lock Anchor,Standard Price Book;true,PROD-1956857281,One-Time;OneTime,26.5
PROD-1956857281;One-Time;AUD,AUD,true,false,Kensington Lock Anchor,Standard Price Book;true,PROD-1956857281,One-Time;OneTime,43
PROD-1956857281;One-Time;CAD,CAD,true,false,Kensington Lock Anchor,Standard Price Book;true,PROD-1956857281,One-Time;OneTime,42.5
PROD-1956857281;One-Time;CHF,CHF,true,false,Kensington Lock Anchor,Standard Price Book;true,PROD-1956857281,One-Time;OneTime,24.5
PROD-1956857281;One-Time;JPY,JPY,true,false,Kensington Lock Anchor,Standard Price Book;true,PROD-1956857281,One-Time;OneTime,4893
PROD-1977133047;One-Time;USD,USD,true,false,Rear Door,Standard Price Book;true,PROD-1977133047,One-Time;OneTime,180
PROD-1977133047;One-Time;GBP,GBP,true,false,Rear Door,Standard Price Book;true,PROD-1977133047,One-Time;OneTime,134.5
PROD-1977133047;One-Time;EUR,EUR,true,false,Rear Door,Standard Price Book;true,PROD-1977133047,One-Time;OneTime,157.5
PROD-1977133047;One-Time;AUD,AUD,true,false,Rear Door,Standard Price Book;true,PROD-1977133047,One-Time;OneTime,257.5
PROD-1977133047;One-Time;CAD,CAD,true,false,Rear Door,Standard Price Book;true,PROD-1977133047,One-Time;OneTime,253.5
PROD-1977133047;One-Time;CHF,CHF,true,false,Rear Door,Standard Price Book;true,PROD-1977133047,One-Time;OneTime,146.5
PROD-1977133047;One-Time;JPY,JPY,true,false,Rear Door,Standard Price Book;true,PROD-1977133047,One-Time;OneTime,29356
PROD-2001013682;One-Time;USD,USD,true,false,Leveling Foot,Standard Price Book;true,PROD-2001013682,One-Time;OneTime,15
PROD-2001013682;One-Time;GBP,GBP,true,false,Leveling Foot,Standard Price Book;true,PROD-2001013682,One-Time;OneTime,11
PROD-2001013682;One-Time;EUR,EUR,true,false,Leveling Foot,Standard Price Book;true,PROD-2001013682,One-Time;OneTime,13
PROD-2001013682;One-Time;AUD,AUD,true,false,Leveling Foot,Standard Price Book;true,PROD-2001013682,One-Time;OneTime,21.5
PROD-2001013682;One-Time;CAD,CAD,true,false,Leveling Foot,Standard Price Book;true,PROD-2001013682,One-Time;OneTime,21
PROD-2001013682;One-Time;CHF,CHF,true,false,Leveling Foot,Standard Price Book;true,PROD-2001013682,One-Time;OneTime,12
PROD-2001013682;One-Time;JPY,JPY,true,false,Leveling Foot,Standard Price Book;true,PROD-2001013682,One-Time;OneTime,2446
PROD-2003786421;One-Time;USD,USD,true,false,Cooling System,Standard Price Book;true,PROD-2003786421,One-Time;OneTime,845
PROD-2003786421;One-Time;GBP,GBP,true,false,Cooling System,Standard Price Book;true,PROD-2003786421,One-Time;OneTime,632
PROD-2003786421;One-Time;EUR,EUR,true,false,Cooling System,Standard Price Book;true,PROD-2003786421,One-Time;OneTime,740.5
PROD-2003786421;One-Time;AUD,AUD,true,false,Cooling System,Standard Price Book;true,PROD-2003786421,One-Time;OneTime,1208.5
PROD-2003786421;One-Time;CAD,CAD,true,false,Cooling System,Standard Price Book;true,PROD-2003786421,One-Time;OneTime,1190.5
PROD-2003786421;One-Time;CHF,CHF,true,false,Cooling System,Standard Price Book;true,PROD-2003786421,One-Time;OneTime,687.5
PROD-2003786421;One-Time;JPY,JPY,true,false,Cooling System,Standard Price Book;true,PROD-2003786421,One-Time;OneTime,137808
PROD-2004313496;One-Time;USD,USD,true,false,Front Door,Standard Price Book;true,PROD-2004313496,One-Time;OneTime,380
PROD-2004313496;One-Time;GBP,GBP,true,false,Front Door,Standard Price Book;true,PROD-2004313496,One-Time;OneTime,284
PROD-2004313496;One-Time;EUR,EUR,true,false,Front Door,Standard Price Book;true,PROD-2004313496,One-Time;OneTime,333
PROD-2004313496;One-Time;AUD,AUD,true,false,Front Door,Standard Price Book;true,PROD-2004313496,One-Time;OneTime,543.5
PROD-2004313496;One-Time;CAD,CAD,true,false,Front Door,Standard Price Book;true,PROD-2004313496,One-Time;OneTime,535.5
PROD-2004313496;One-Time;CHF,CHF,true,false,Front Door,Standard Price Book;true,PROD-2004313496,One-Time;OneTime,309
PROD-2004313496;One-Time;JPY,JPY,true,false,Front Door,Standard Price Book;true,PROD-2004313496,One-Time;OneTime,61973
PROD-2006854732;One-Time;USD,USD,true,false,25/100GbE NIC,Standard Price Book;true,PROD-2006854732,One-Time;OneTime,350
PROD-2006854732;One-Time;GBP,GBP,true,false,25/100GbE NIC,Standard Price Book;true,PROD-2006854732,One-Time;OneTime,261.5
PROD-2006854732;One-Time;EUR,EUR,true,false,25/100GbE NIC,Standard Price Book;true,PROD-2006854732,One-Time;OneTime,306.5
PROD-2006854732;One-Time;AUD,AUD,true,false,25/100GbE NIC,Standard Price Book;true,PROD-2006854732,One-Time;OneTime,500.5
PROD-2006854732;One-Time;CAD,CAD,true,false,25/100GbE NIC,Standard Price Book;true,PROD-2006854732,One-Time;OneTime,493
PROD-2006854732;One-Time;CHF,CHF,true,false,25/100GbE NIC,Standard Price Book;true,PROD-2006854732,One-Time;OneTime,285
PROD-2006854732;One-Time;JPY,JPY,true,false,25/100GbE NIC,Standard Price Book;true,PROD-2006854732,One-Time;OneTime,57080
PROD-2035320005;One-Time;USD,USD,true,false,Harness,Standard Price Book;true,PROD-2035320005,One-Time;OneTime,200
PROD-2035320005;One-Time;GBP,GBP,true,false,Harness,Standard Price Book;true,PROD-2035320005,One-Time;OneTime,149.5
PROD-2035320005;One-Time;EUR,EUR,true,false,Harness,Standard Price Book;true,PROD-2035320005,One-Time;OneTime,175.5
PROD-2035320005;One-Time;AUD,AUD,true,false,Harness,Standard Price Book;true,PROD-2035320005,One-Time;OneTime,286
PROD-2035320005;One-Time;CAD,CAD,true,false,Harness,Standard Price Book;true,PROD-2035320005,One-Time;OneTime,282
PROD-2035320005;One-Time;CHF,CHF,true,false,Harness,Standard Price Book;true,PROD-2035320005,One-Time;OneTime,163
PROD-2035320005;One-Time;JPY,JPY,true,false,Harness,Standard Price Book;true,PROD-2035320005,One-Time;OneTime,32617
PROD-204534203;One-Time;USD,USD,true,false,Universal Sliding Rails,Standard Price Book;true,PROD-204534203,One-Time;OneTime,4250
PROD-204534203;One-Time;GBP,GBP,true,false,Universal Sliding Rails,Standard Price Book;true,PROD-204534203,One-Time;OneTime,3178
PROD-204534203;One-Time;EUR,EUR,true,false,Universal Sliding Rails,Standard Price Book;true,PROD-204534203,One-Time;OneTime,3724.5
PROD-204534203;One-Time;AUD,AUD,true,false,Universal Sliding Rails,Standard Price Book;true,PROD-204534203,One-Time;OneTime,6078
PROD-204534203;One-Time;CAD,CAD,true,false,Universal Sliding Rails,Standard Price Book;true,PROD-204534203,One-Time;OneTime,5988
PROD-204534203;One-Time;CHF,CHF,true,false,Universal Sliding Rails,Standard Price Book;true,PROD-204534203,One-Time;OneTime,3458.5
PROD-204534203;One-Time;JPY,JPY,true,false,Universal Sliding Rails,Standard Price Book;true,PROD-204534203,One-Time;OneTime,693118
PROD-2058355083;One-Time;USD,USD,true,false,Motherboard (2‑socket),Standard Price Book;true,PROD-2058355083,One-Time;OneTime,6500
PROD-2058355083;One-Time;GBP,GBP,true,false,Motherboard (2‑socket),Standard Price Book;true,PROD-2058355083,One-Time;OneTime,4860
PROD-2058355083;One-Time;EUR,EUR,true,false,Motherboard (2‑socket),Standard Price Book;true,PROD-2058355083,One-Time;OneTime,5696.5
PROD-2058355083;One-Time;AUD,AUD,true,false,Motherboard (2‑socket),Standard Price Book;true,PROD-2058355083,One-Time;OneTime,9296
PROD-2058355083;One-Time;CAD,CAD,true,false,Motherboard (2‑socket),Standard Price Book;true,PROD-2058355083,One-Time;OneTime,9158.5
PROD-2058355083;One-Time;CHF,CHF,true,false,Motherboard (2‑socket),Standard Price Book;true,PROD-2058355083,One-Time;OneTime,5289.5
PROD-2058355083;One-Time;JPY,JPY,true,false,Motherboard (2‑socket),Standard Price Book;true,PROD-2058355083,One-Time;OneTime,1060063
PROD-2059567741;One-Time;USD,USD,true,false,Generic Component B,Standard Price Book;true,PROD-2059567741,One-Time;OneTime,850
PROD-2059567741;One-Time;GBP,GBP,true,false,Generic Component B,Standard Price Book;true,PROD-2059567741,One-Time;OneTime,635.5
PROD-2059567741;One-Time;EUR,EUR,true,false,Generic Component B,Standard Price Book;true,PROD-2059567741,One-Time;OneTime,745
PROD-2059567741;One-Time;AUD,AUD,true,false,Generic Component B,Standard Price Book;true,PROD-2059567741,One-Time;OneTime,1215.5
PROD-2059567741;One-Time;CAD,CAD,true,false,Generic Component B,Standard Price Book;true,PROD-2059567741,One-Time;OneTime,1197.5
PROD-2059567741;One-Time;CHF,CHF,true,false,Generic Component B,Standard Price Book;true,PROD-2059567741,One-Time;OneTime,691.5
PROD-2059567741;One-Time;JPY,JPY,true,false,Generic Component B,Standard Price Book;true,PROD-2059567741,One-Time;OneTime,138624
PROD-2063526037;One-Time;USD,USD,true,false,Rear Door,Standard Price Book;true,PROD-2063526037,One-Time;OneTime,15
PROD-2063526037;One-Time;GBP,GBP,true,false,Rear Door,Standard Price Book;true,PROD-2063526037,One-Time;OneTime,11
PROD-2063526037;One-Time;EUR,EUR,true,false,Rear Door,Standard Price Book;true,PROD-2063526037,One-Time;OneTime,13
PROD-2063526037;One-Time;AUD,AUD,true,false,Rear Door,Standard Price Book;true,PROD-2063526037,One-Time;OneTime,21.5
PROD-2063526037;One-Time;CAD,CAD,true,false,Rear Door,Standard Price Book;true,PROD-2063526037,One-Time;OneTime,21
PROD-2063526037;One-Time;CHF,CHF,true,false,Rear Door,Standard Price Book;true,PROD-2063526037,One-Time;OneTime,12
PROD-2063526037;One-Time;JPY,JPY,true,false,Rear Door,Standard Price Book;true,PROD-2063526037,One-Time;OneTime,2446
PROD-2108848830;One-Time;USD,USD,true,false,Chassis & Backplane (2U),Standard Price Book;true,PROD-2108848830,One-Time;OneTime,3000
PROD-2108848830;One-Time;GBP,GBP,true,false,Chassis & Backplane (2U),Standard Price Book;true,PROD-2108848830,One-Time;OneTime,2243
PROD-2108848830;One-Time;EUR,EUR,true,false,Chassis & Backplane (2U),Standard Price Book;true,PROD-2108848830,One-Time;OneTime,2629
PROD-2108848830;One-Time;AUD,AUD,true,false,Chassis & Backplane (2U),Standard Price Book;true,PROD-2108848830,One-Time;OneTime,4290.5
PROD-2108848830;One-Time;CAD,CAD,true,false,Chassis & Backplane (2U),Standard Price Book;true,PROD-2108848830,One-Time;OneTime,4227
PROD-2108848830;One-Time;CHF,CHF,true,false,Chassis & Backplane (2U),Standard Price Book;true,PROD-2108848830,One-Time;OneTime,2441.5
PROD-2108848830;One-Time;JPY,JPY,true,false,Chassis & Backplane (2U),Standard Price Book;true,PROD-2108848830,One-Time;OneTime,489260
PROD-2115474628;One-Time;USD,USD,true,false,SmartNIC 2x100GbE,Standard Price Book;true,PROD-2115474628,One-Time;OneTime,750
PROD-2115474628;One-Time;GBP,GBP,true,false,SmartNIC 2x100GbE,Standard Price Book;true,PROD-2115474628,One-Time;OneTime,561
PROD-2115474628;One-Time;EUR,EUR,true,false,SmartNIC 2x100GbE,Standard Price Book;true,PROD-2115474628,One-Time;OneTime,657.5
PROD-2115474628;One-Time;AUD,AUD,true,false,SmartNIC 2x100GbE,Standard Price Book;true,PROD-2115474628,One-Time;OneTime,1072.5
PROD-2115474628;One-Time;CAD,CAD,true,false,SmartNIC 2x100GbE,Standard Price Book;true,PROD-2115474628,One-Time;OneTime,1056.5
PROD-2115474628;One-Time;CHF,CHF,true,false,SmartNIC 2x100GbE,Standard Price Book;true,PROD-2115474628,One-Time;OneTime,610.5
PROD-2115474628;One-Time;JPY,JPY,true,false,SmartNIC 2x100GbE,Standard Price Book;true,PROD-2115474628,One-Time;OneTime,122315
PROD-2116311267;One-Time;USD,USD,true,false,Storage Subsystem,Standard Price Book;true,PROD-2116311267,One-Time;OneTime,12000
PROD-2116311267;One-Time;GBP,GBP,true,false,Storage Subsystem,Standard Price Book;true,PROD-2116311267,One-Time;OneTime,8972.5
PROD-2116311267;One-Time;EUR,EUR,true,false,Storage Subsystem,Standard Price Book;true,PROD-2116311267,One-Time;OneTime,10516.5
PROD-2116311267;One-Time;AUD,AUD,true,false,Storage Subsystem,Standard Price Book;true,PROD-2116311267,One-Time;OneTime,17161.5
PROD-2116311267;One-Time;CAD,CAD,true,false,Storage Subsystem,Standard Price Book;true,PROD-2116311267,One-Time;OneTime,16908
PROD-2116311267;One-Time;CHF,CHF,true,false,Storage Subsystem,Standard Price Book;true,PROD-2116311267,One-Time;OneTime,9765
PROD-2116311267;One-Time;JPY,JPY,true,false,Storage Subsystem,Standard Price Book;true,PROD-2116311267,One-Time;OneTime,1957040
PROD-217263495;One-Time;USD,USD,true,false,Temp Probe Cable,Standard Price Book;true,PROD-217263495,One-Time;OneTime,35
PROD-217263495;One-Time;GBP,GBP,true,false,Temp Probe Cable,Standard Price Book;true,PROD-217263495,One-Time;OneTime,26
PROD-217263495;One-Time;EUR,EUR,true,false,Temp Probe Cable,Standard Price Book;true,PROD-217263495,One-Time;OneTime,30.5
PROD-217263495;One-Time;AUD,AUD,true,false,Temp Probe Cable,Standard Price Book;true,PROD-217263495,One-Time;OneTime,50
PROD-217263495;One-Time;CAD,CAD,true,false,Temp Probe Cable,Standard Price Book;true,PROD-217263495,One-Time;OneTime,49.5
PROD-217263495;One-Time;CHF,CHF,true,false,Temp Probe Cable,Standard Price Book;true,PROD-217263495,One-Time;OneTime,28.5
PROD-217263495;One-Time;JPY,JPY,true,false,Temp Probe Cable,Standard Price Book;true,PROD-217263495,One-Time;OneTime,5708
PROD-217937560;One-Time;USD,USD,true,false,Environmental & Fire Sensors,Standard Price Book;true,PROD-217937560,One-Time;OneTime,585
PROD-217937560;One-Time;GBP,GBP,true,false,Environmental & Fire Sensors,Standard Price Book;true,PROD-217937560,One-Time;OneTime,437.5
PROD-217937560;One-Time;EUR,EUR,true,false,Environmental & Fire Sensors,Standard Price Book;true,PROD-217937560,One-Time;OneTime,512.5
PROD-217937560;One-Time;AUD,AUD,true,false,Environmental & Fire Sensors,Standard Price Book;true,PROD-217937560,One-Time;OneTime,836.5
PROD-217937560;One-Time;CAD,CAD,true,false,Environmental & Fire Sensors,Standard Price Book;true,PROD-217937560,One-Time;OneTime,824.5
PROD-217937560;One-Time;CHF,CHF,true,false,Environmental & Fire Sensors,Standard Price Book;true,PROD-217937560,One-Time;OneTime,476
PROD-217937560;One-Time;JPY,JPY,true,false,Environmental & Fire Sensors,Standard Price Book;true,PROD-217937560,One-Time;OneTime,95406
PROD-275930088;One-Time;USD,USD,true,false,Leak Sensor Rope 3m,Standard Price Book;true,PROD-275930088,One-Time;OneTime,120
PROD-275930088;One-Time;GBP,GBP,true,false,Leak Sensor Rope 3m,Standard Price Book;true,PROD-275930088,One-Time;OneTime,89.5
PROD-275930088;One-Time;EUR,EUR,true,false,Leak Sensor Rope 3m,Standard Price Book;true,PROD-275930088,One-Time;OneTime,105
PROD-275930088;One-Time;AUD,AUD,true,false,Leak Sensor Rope 3m,Standard Price Book;true,PROD-275930088,One-Time;OneTime,171.5
PROD-275930088;One-Time;CAD,CAD,true,false,Leak Sensor Rope 3m,Standard Price Book;true,PROD-275930088,One-Time;OneTime,169
PROD-275930088;One-Time;CHF,CHF,true,false,Leak Sensor Rope 3m,Standard Price Book;true,PROD-275930088,One-Time;OneTime,97.5
PROD-275930088;One-Time;JPY,JPY,true,false,Leak Sensor Rope 3m,Standard Price Book;true,PROD-275930088,One-Time;OneTime,19570
PROD-279707357;One-Time;USD,USD,true,false,Fan Module Set,Standard Price Book;true,PROD-279707357,One-Time;OneTime,2500
PROD-279707357;One-Time;GBP,GBP,true,false,Fan Module Set,Standard Price Book;true,PROD-279707357,One-Time;OneTime,1869.5
PROD-279707357;One-Time;EUR,EUR,true,false,Fan Module Set,Standard Price Book;true,PROD-279707357,One-Time;OneTime,2191
PROD-279707357;One-Time;AUD,AUD,true,false,Fan Module Set,Standard Price Book;true,PROD-279707357,One-Time;OneTime,3575.5
PROD-279707357;One-Time;CAD,CAD,true,false,Fan Module Set,Standard Price Book;true,PROD-279707357,One-Time;OneTime,3522.5
PROD-279707357;One-Time;CHF,CHF,true,false,Fan Module Set,Standard Price Book;true,PROD-279707357,One-Time;OneTime,2034.5
PROD-279707357;One-Time;JPY,JPY,true,false,Fan Module Set,Standard Price Book;true,PROD-279707357,One-Time;OneTime,407717
PROD-293991009;One-Time;USD,USD,true,false,LC‑LC OM4 Patch 2m,Standard Price Book;true,PROD-293991009,One-Time;OneTime,15
PROD-293991009;One-Time;GBP,GBP,true,false,LC‑LC OM4 Patch 2m,Standard Price Book;true,PROD-293991009,One-Time;OneTime,11
PROD-293991009;One-Time;EUR,EUR,true,false,LC‑LC OM4 Patch 2m,Standard Price Book;true,PROD-293991009,One-Time;OneTime,13
PROD-293991009;One-Time;AUD,AUD,true,false,LC‑LC OM4 Patch 2m,Standard Price Book;true,PROD-293991009,One-Time;OneTime,21.5
PROD-293991009;One-Time;CAD,CAD,true,false,LC‑LC OM4 Patch 2m,Standard Price Book;true,PROD-293991009,One-Time;OneTime,21
PROD-293991009;One-Time;CHF,CHF,true,false,LC‑LC OM4 Patch 2m,Standard Price Book;true,PROD-293991009,One-Time;OneTime,12
PROD-293991009;One-Time;JPY,JPY,true,false,LC‑LC OM4 Patch 2m,Standard Price Book;true,PROD-293991009,One-Time;OneTime,2446
PROD-310172567;One-Time;USD,USD,true,false,Airflow Blanking Panel 1U,Standard Price Book;true,PROD-310172567,One-Time;OneTime,15
PROD-310172567;One-Time;GBP,GBP,true,false,Airflow Blanking Panel 1U,Standard Price Book;true,PROD-310172567,One-Time;OneTime,11
PROD-310172567;One-Time;EUR,EUR,true,false,Airflow Blanking Panel 1U,Standard Price Book;true,PROD-310172567,One-Time;OneTime,13
PROD-310172567;One-Time;AUD,AUD,true,false,Airflow Blanking Panel 1U,Standard Price Book;true,PROD-310172567,One-Time;OneTime,21.5
PROD-310172567;One-Time;CAD,CAD,true,false,Airflow Blanking Panel 1U,Standard Price Book;true,PROD-310172567,One-Time;OneTime,21
PROD-310172567;One-Time;CHF,CHF,true,false,Airflow Blanking Panel 1U,Standard Price Book;true,PROD-310172567,One-Time;OneTime,12
PROD-310172567;One-Time;JPY,JPY,true,false,Airflow Blanking Panel 1U,Standard Price Book;true,PROD-310172567,One-Time;OneTime,2446
PROD-322363365;One-Time;USD,USD,true,false,Doors & Panels,Standard Price Book;true,PROD-322363365,One-Time;OneTime,820
PROD-322363365;One-Time;GBP,GBP,true,false,Doors & Panels,Standard Price Book;true,PROD-322363365,One-Time;OneTime,613
PROD-322363365;One-Time;EUR,EUR,true,false,Doors & Panels,Standard Price Book;true,PROD-322363365,One-Time;OneTime,718.5
PROD-322363365;One-Time;AUD,AUD,true,false,Doors & Panels,Standard Price Book;true,PROD-322363365,One-Time;OneTime,1172.5
PROD-322363365;One-Time;CAD,CAD,true,false,Doors & Panels,Standard Price Book;true,PROD-322363365,One-Time;OneTime,1155.5
PROD-322363365;One-Time;CHF,CHF,true,false,Doors & Panels,Standard Price Book;true,PROD-322363365,One-Time;OneTime,667.5
PROD-322363365;One-Time;JPY,JPY,true,false,Doors & Panels,Standard Price Book;true,PROD-322363365,One-Time;OneTime,133731
PROD-337489460;One-Time;USD,USD,true,false,SAS HDD 12TB,Standard Price Book;true,PROD-337489460,One-Time;OneTime,220
PROD-337489460;One-Time;GBP,GBP,true,false,SAS HDD 12TB,Standard Price Book;true,PROD-337489460,One-Time;OneTime,164.5
PROD-337489460;One-Time;EUR,EUR,true,false,SAS HDD 12TB,Standard Price Book;true,PROD-337489460,One-Time;OneTime,193
PROD-337489460;One-Time;AUD,AUD,true,false,SAS HDD 12TB,Standard Price Book;true,PROD-337489460,One-Time;OneTime,314.5
PROD-337489460;One-Time;CAD,CAD,true,false,SAS HDD 12TB,Standard Price Book;true,PROD-337489460,One-Time;OneTime,310
PROD-337489460;One-Time;CHF,CHF,true,false,SAS HDD 12TB,Standard Price Book;true,PROD-337489460,One-Time;OneTime,179
PROD-337489460;One-Time;JPY,JPY,true,false,SAS HDD 12TB,Standard Price Book;true,PROD-337489460,One-Time;OneTime,35879
PROD-356310368;One-Time;USD,USD,true,false,Aggregation/Spine Switches,Standard Price Book;true,PROD-356310368,One-Time;OneTime,18500
PROD-356310368;One-Time;GBP,GBP,true,false,Aggregation/Spine Switches,Standard Price Book;true,PROD-356310368,One-Time;OneTime,13833
PROD-356310368;One-Time;EUR,EUR,true,false,Aggregation/Spine Switches,Standard Price Book;true,PROD-356310368,One-Time;OneTime,16212.5
PROD-356310368;One-Time;AUD,AUD,true,false,Aggregation/Spine Switches,Standard Price Book;true,PROD-356310368,One-Time;OneTime,26457.5
PROD-356310368;One-Time;CAD,CAD,true,false,Aggregation/Spine Switches,Standard Price Book;true,PROD-356310368,One-Time;OneTime,26066.5
PROD-356310368;One-Time;CHF,CHF,true,false,Aggregation/Spine Switches,Standard Price Book;true,PROD-356310368,One-Time;OneTime,15054.5
PROD-356310368;One-Time;JPY,JPY,true,false,Aggregation/Spine Switches,Standard Price Book;true,PROD-356310368,One-Time;OneTime,3017103
PROD-362281425;One-Time;USD,USD,true,false,Velcro Strap Pack,Standard Price Book;true,PROD-362281425,One-Time;OneTime,15
PROD-362281425;One-Time;GBP,GBP,true,false,Velcro Strap Pack,Standard Price Book;true,PROD-362281425,One-Time;OneTime,11
PROD-362281425;One-Time;EUR,EUR,true,false,Velcro Strap Pack,Standard Price Book;true,PROD-362281425,One-Time;OneTime,13
PROD-362281425;One-Time;AUD,AUD,true,false,Velcro Strap Pack,Standard Price Book;true,PROD-362281425,One-Time;OneTime,21.5
PROD-362281425;One-Time;CAD,CAD,true,false,Velcro Strap Pack,Standard Price Book;true,PROD-362281425,One-Time;OneTime,21
PROD-362281425;One-Time;CHF,CHF,true,false,Velcro Strap Pack,Standard Price Book;true,PROD-362281425,One-Time;OneTime,12
PROD-362281425;One-Time;JPY,JPY,true,false,Velcro Strap Pack,Standard Price Book;true,PROD-362281425,One-Time;OneTime,2446
PROD-384361183;One-Time;USD,USD,true,false,Generic Component B,Standard Price Book;true,PROD-384361183,One-Time;OneTime,8000
PROD-384361183;One-Time;GBP,GBP,true,false,Generic Component B,Standard Price Book;true,PROD-384361183,One-Time;OneTime,5982
PROD-384361183;One-Time;EUR,EUR,true,false,Generic Component B,Standard Price Book;true,PROD-384361183,One-Time;OneTime,7011
PROD-384361183;One-Time;AUD,AUD,true,false,Generic Component B,Standard Price Book;true,PROD-384361183,One-Time;OneTime,11441
PROD-384361183;One-Time;CAD,CAD,true,false,Generic Component B,Standard Price Book;true,PROD-384361183,One-Time;OneTime,11272
PROD-384361183;One-Time;CHF,CHF,true,false,Generic Component B,Standard Price Book;true,PROD-384361183,One-Time;OneTime,6510
PROD-384361183;One-Time;JPY,JPY,true,false,Generic Component B,Standard Price Book;true,PROD-384361183,One-Time;OneTime,1304693
PROD-384933134;One-Time;USD,USD,true,false,QSFP28 100G Transceiver,Standard Price Book;true,PROD-384933134,One-Time;OneTime,140
PROD-384933134;One-Time;GBP,GBP,true,false,QSFP28 100G Transceiver,Standard Price Book;true,PROD-384933134,One-Time;OneTime,104.5
PROD-384933134;One-Time;EUR,EUR,true,false,QSFP28 100G Transceiver,Standard Price Book;true,PROD-384933134,One-Time;OneTime,122.5
PROD-384933134;One-Time;AUD,AUD,true,false,QSFP28 100G Transceiver,Standard Price Book;true,PROD-384933134,One-Time;OneTime,200
PROD-384933134;One-Time;CAD,CAD,true,false,QSFP28 100G Transceiver,Standard Price Book;true,PROD-384933134,One-Time;OneTime,197.5
PROD-384933134;One-Time;CHF,CHF,true,false,QSFP28 100G Transceiver,Standard Price Book;true,PROD-384933134,One-Time;OneTime,114
PROD-384933134;One-Time;JPY,JPY,true,false,QSFP28 100G Transceiver,Standard Price Book;true,PROD-384933134,One-Time;OneTime,22832
PROD-387008033;One-Time;USD,USD,true,false,Fan Tray Frame,Standard Price Book;true,PROD-387008033,One-Time;OneTime,100
PROD-387008033;One-Time;GBP,GBP,true,false,Fan Tray Frame,Standard Price Book;true,PROD-387008033,One-Time;OneTime,75
PROD-387008033;One-Time;EUR,EUR,true,false,Fan Tray Frame,Standard Price Book;true,PROD-387008033,One-Time;OneTime,87.5
PROD-387008033;One-Time;AUD,AUD,true,false,Fan Tray Frame,Standard Price Book;true,PROD-387008033,One-Time;OneTime,143
PROD-387008033;One-Time;CAD,CAD,true,false,Fan Tray Frame,Standard Price Book;true,PROD-387008033,One-Time;OneTime,141
PROD-387008033;One-Time;CHF,CHF,true,false,Fan Tray Frame,Standard Price Book;true,PROD-387008033,One-Time;OneTime,81.5
PROD-387008033;One-Time;JPY,JPY,true,false,Fan Tray Frame,Standard Price Book;true,PROD-387008033,One-Time;OneTime,16309
PROD-398656864;One-Time;USD,USD,true,false,DDR5 DIMM 32GB,Standard Price Book;true,PROD-398656864,One-Time;OneTime,200
PROD-398656864;One-Time;GBP,GBP,true,false,DDR5 DIMM 32GB,Standard Price Book;true,PROD-398656864,One-Time;OneTime,149.5
PROD-398656864;One-Time;EUR,EUR,true,false,DDR5 DIMM 32GB,Standard Price Book;true,PROD-398656864,One-Time;OneTime,175.5
PROD-398656864;One-Time;AUD,AUD,true,false,DDR5 DIMM 32GB,Standard Price Book;true,PROD-398656864,One-Time;OneTime,286
PROD-398656864;One-Time;CAD,CAD,true,false,DDR5 DIMM 32GB,Standard Price Book;true,PROD-398656864,One-Time;OneTime,282
PROD-398656864;One-Time;CHF,CHF,true,false,DDR5 DIMM 32GB,Standard Price Book;true,PROD-398656864,One-Time;OneTime,163
PROD-398656864;One-Time;JPY,JPY,true,false,DDR5 DIMM 32GB,Standard Price Book;true,PROD-398656864,One-Time;OneTime,32617
PROD-406950016;One-Time;USD,USD,true,false,Thermal Paste Pack,Standard Price Book;true,PROD-406950016,One-Time;OneTime,10
PROD-406950016;One-Time;GBP,GBP,true,false,Thermal Paste Pack,Standard Price Book;true,PROD-406950016,One-Time;OneTime,7.5
PROD-406950016;One-Time;EUR,EUR,true,false,Thermal Paste Pack,Standard Price Book;true,PROD-406950016,One-Time;OneTime,9
PROD-406950016;One-Time;AUD,AUD,true,false,Thermal Paste Pack,Standard Price Book;true,PROD-406950016,One-Time;OneTime,14.5
PROD-406950016;One-Time;CAD,CAD,true,false,Thermal Paste Pack,Standard Price Book;true,PROD-406950016,One-Time;OneTime,14
PROD-406950016;One-Time;CHF,CHF,true,false,Thermal Paste Pack,Standard Price Book;true,PROD-406950016,One-Time;OneTime,8
PROD-406950016;One-Time;JPY,JPY,true,false,Thermal Paste Pack,Standard Price Book;true,PROD-406950016,One-Time;OneTime,1631
PROD-409095263;One-Time;USD,USD,true,false,Side Panel Set,Standard Price Book;true,PROD-409095263,One-Time;OneTime,60
PROD-409095263;One-Time;GBP,GBP,true,false,Side Panel Set,Standard Price Book;true,PROD-409095263,One-Time;OneTime,45
PROD-409095263;One-Time;EUR,EUR,true,false,Side Panel Set,Standard Price Book;true,PROD-409095263,One-Time;OneTime,52.5
PROD-409095263;One-Time;AUD,AUD,true,false,Side Panel Set,Standard Price Book;true,PROD-409095263,One-Time;OneTime,86
PROD-409095263;One-Time;CAD,CAD,true,false,Side Panel Set,Standard Price Book;true,PROD-409095263,One-Time;OneTime,84.5
PROD-409095263;One-Time;CHF,CHF,true,false,Side Panel Set,Standard Price Book;true,PROD-409095263,One-Time;OneTime,49
PROD-409095263;One-Time;JPY,JPY,true,false,Side Panel Set,Standard Price Book;true,PROD-409095263,One-Time;OneTime,9785
PROD-410431707;One-Time;USD,USD,true,false,Drive Tray Latch,Standard Price Book;true,PROD-410431707,One-Time;OneTime,5
PROD-410431707;One-Time;GBP,GBP,true,false,Drive Tray Latch,Standard Price Book;true,PROD-410431707,One-Time;OneTime,3.5
PROD-410431707;One-Time;EUR,EUR,true,false,Drive Tray Latch,Standard Price Book;true,PROD-410431707,One-Time;OneTime,4.5
PROD-410431707;One-Time;AUD,AUD,true,false,Drive Tray Latch,Standard Price Book;true,PROD-410431707,One-Time;OneTime,7
PROD-410431707;One-Time;CAD,CAD,true,false,Drive Tray Latch,Standard Price Book;true,PROD-410431707,One-Time;OneTime,7
PROD-410431707;One-Time;CHF,CHF,true,false,Drive Tray Latch,Standard Price Book;true,PROD-410431707,One-Time;OneTime,4
PROD-410431707;One-Time;JPY,JPY,true,false,Drive Tray Latch,Standard Price Book;true,PROD-410431707,One-Time;OneTime,815
PROD-416568204;One-Time;USD,USD,true,false,Switch Mainboard,Standard Price Book;true,PROD-416568204,One-Time;OneTime,1500
PROD-416568204;One-Time;GBP,GBP,true,false,Switch Mainboard,Standard Price Book;true,PROD-416568204,One-Time;OneTime,1121.5
PROD-416568204;One-Time;EUR,EUR,true,false,Switch Mainboard,Standard Price Book;true,PROD-416568204,One-Time;OneTime,1314.5
PROD-416568204;One-Time;AUD,AUD,true,false,Switch Mainboard,Standard Price Book;true,PROD-416568204,One-Time;OneTime,2145
PROD-416568204;One-Time;CAD,CAD,true,false,Switch Mainboard,Standard Price Book;true,PROD-416568204,One-Time;OneTime,2113.5
PROD-416568204;One-Time;CHF,CHF,true,false,Switch Mainboard,Standard Price Book;true,PROD-416568204,One-Time;OneTime,1220.5
PROD-416568204;One-Time;JPY,JPY,true,false,Switch Mainboard,Standard Price Book;true,PROD-416568204,One-Time;OneTime,244630
PROD-44164144;One-Time;USD,USD,true,false,Electro‑mechanical Lock,Standard Price Book;true,PROD-44164144,One-Time;OneTime,3400
PROD-44164144;One-Time;GBP,GBP,true,false,Electro‑mechanical Lock,Standard Price Book;true,PROD-44164144,One-Time;OneTime,2542
PROD-44164144;One-Time;EUR,EUR,true,false,Electro‑mechanical Lock,Standard Price Book;true,PROD-44164144,One-Time;OneTime,2979.5
PROD-44164144;One-Time;AUD,AUD,true,false,Electro‑mechanical Lock,Standard Price Book;true,PROD-44164144,One-Time;OneTime,4862.5
PROD-44164144;One-Time;CAD,CAD,true,false,Electro‑mechanical Lock,Standard Price Book;true,PROD-44164144,One-Time;OneTime,4790.5
PROD-44164144;One-Time;CHF,CHF,true,false,Electro‑mechanical Lock,Standard Price Book;true,PROD-44164144,One-Time;OneTime,2767
PROD-44164144;One-Time;JPY,JPY,true,false,Electro‑mechanical Lock,Standard Price Book;true,PROD-44164144,One-Time;OneTime,554495
PROD-448734868;One-Time;USD,USD,true,false,Brush Strip 1U,Standard Price Book;true,PROD-448734868,One-Time;OneTime,25
PROD-448734868;One-Time;GBP,GBP,true,false,Brush Strip 1U,Standard Price Book;true,PROD-448734868,One-Time;OneTime,18.5
PROD-448734868;One-Time;EUR,EUR,true,false,Brush Strip 1U,Standard Price Book;true,PROD-448734868,One-Time;OneTime,22
PROD-448734868;One-Time;AUD,AUD,true,false,Brush Strip 1U,Standard Price Book;true,PROD-448734868,One-Time;OneTime,36
PROD-448734868;One-Time;CAD,CAD,true,false,Brush Strip 1U,Standard Price Book;true,PROD-448734868,One-Time;OneTime,35
PROD-448734868;One-Time;CHF,CHF,true,false,Brush Strip 1U,Standard Price Book;true,PROD-448734868,One-Time;OneTime,20.5
PROD-448734868;One-Time;JPY,JPY,true,false,Brush Strip 1U,Standard Price Book;true,PROD-448734868,One-Time;OneTime,4077
PROD-455868158;One-Time;USD,USD,true,false,QuantumBit - OmniRack DC42 Series,Standard Price Book;true,PROD-455868158,One-Time;OneTime,78495
PROD-455868158;One-Time;GBP,GBP,true,false,QuantumBit - OmniRack DC42 Series,Standard Price Book;true,PROD-455868158,One-Time;OneTime,58692.5
PROD-455868158;One-Time;EUR,EUR,true,false,QuantumBit - OmniRack DC42 Series,Standard Price Book;true,PROD-455868158,One-Time;OneTime,68790
PROD-455868158;One-Time;AUD,AUD,true,false,QuantumBit - OmniRack DC42 Series,Standard Price Book;true,PROD-455868158,One-Time;OneTime,112259
PROD-455868158;One-Time;CAD,CAD,true,false,QuantumBit - OmniRack DC42 Series,Standard Price Book;true,PROD-455868158,One-Time;OneTime,110598.5
PROD-455868158;One-Time;CHF,CHF,true,false,QuantumBit - OmniRack DC42 Series,Standard Price Book;true,PROD-455868158,One-Time;OneTime,63875.5
PROD-455868158;One-Time;JPY,JPY,true,false,QuantumBit - OmniRack DC42 Series,Standard Price Book;true,PROD-455868158,One-Time;OneTime,12801486
PROD-460189389;One-Time;USD,USD,true,false,Cable Management Hook,Standard Price Book;true,PROD-460189389,One-Time;OneTime,5
PROD-460189389;One-Time;GBP,GBP,true,false,Cable Management Hook,Standard Price Book;true,PROD-460189389,One-Time;OneTime,3.5
PROD-460189389;One-Time;EUR,EUR,true,false,Cable Management Hook,Standard Price Book;true,PROD-460189389,One-Time;OneTime,4.5
PROD-460189389;One-Time;AUD,AUD,true,false,Cable Management Hook,Standard Price Book;true,PROD-460189389,One-Time;OneTime,7
PROD-460189389;One-Time;CAD,CAD,true,false,Cable Management Hook,Standard Price Book;true,PROD-460189389,One-Time;OneTime,7
PROD-460189389;One-Time;CHF,CHF,true,false,Cable Management Hook,Standard Price Book;true,PROD-460189389,One-Time;OneTime,4
PROD-460189389;One-Time;JPY,JPY,true,false,Cable Management Hook,Standard Price Book;true,PROD-460189389,One-Time;OneTime,815
PROD-462218852;One-Time;USD,USD,true,false,Generic Component A,Standard Price Book;true,PROD-462218852,One-Time;OneTime,50
PROD-462218852;One-Time;GBP,GBP,true,false,Generic Component A,Standard Price Book;true,PROD-462218852,One-Time;OneTime,37.5
PROD-462218852;One-Time;EUR,EUR,true,false,Generic Component A,Standard Price Book;true,PROD-462218852,One-Time;OneTime,44
PROD-462218852;One-Time;AUD,AUD,true,false,Generic Component A,Standard Price Book;true,PROD-462218852,One-Time;OneTime,71.5
PROD-462218852;One-Time;CAD,CAD,true,false,Generic Component A,Standard Price Book;true,PROD-462218852,One-Time;OneTime,70.5
PROD-462218852;One-Time;CHF,CHF,true,false,Generic Component A,Standard Price Book;true,PROD-462218852,One-Time;OneTime,40.5
PROD-462218852;One-Time;JPY,JPY,true,false,Generic Component A,Standard Price Book;true,PROD-462218852,One-Time;OneTime,8154
PROD-490571009;One-Time;USD,USD,true,false,Copper Harness Kits,Standard Price Book;true,PROD-490571009,One-Time;OneTime,100
PROD-490571009;One-Time;GBP,GBP,true,false,Copper Harness Kits,Standard Price Book;true,PROD-490571009,One-Time;OneTime,75
PROD-490571009;One-Time;EUR,EUR,true,false,Copper Harness Kits,Standard Price Book;true,PROD-490571009,One-Time;OneTime,87.5
PROD-490571009;One-Time;AUD,AUD,true,false,Copper Harness Kits,Standard Price Book;true,PROD-490571009,One-Time;OneTime,143
PROD-490571009;One-Time;CAD,CAD,true,false,Copper Harness Kits,Standard Price Book;true,PROD-490571009,One-Time;OneTime,141
PROD-490571009;One-Time;CHF,CHF,true,false,Copper Harness Kits,Standard Price Book;true,PROD-490571009,One-Time;OneTime,81.5
PROD-490571009;One-Time;JPY,JPY,true,false,Copper Harness Kits,Standard Price Book;true,PROD-490571009,One-Time;OneTime,16309
PROD-498531761;One-Time;USD,USD,true,false,Upright Posts,Standard Price Book;true,PROD-498531761,One-Time;OneTime,55
PROD-498531761;One-Time;GBP,GBP,true,false,Upright Posts,Standard Price Book;true,PROD-498531761,One-Time;OneTime,41
PROD-498531761;One-Time;EUR,EUR,true,false,Upright Posts,Standard Price Book;true,PROD-498531761,One-Time;OneTime,48
PROD-498531761;One-Time;AUD,AUD,true,false,Upright Posts,Standard Price Book;true,PROD-498531761,One-Time;OneTime,78.5
PROD-498531761;One-Time;CAD,CAD,true,false,Upright Posts,Standard Price Book;true,PROD-498531761,One-Time;OneTime,77.5
PROD-498531761;One-Time;CHF,CHF,true,false,Upright Posts,Standard Price Book;true,PROD-498531761,One-Time;OneTime,45
PROD-498531761;One-Time;JPY,JPY,true,false,Upright Posts,Standard Price Book;true,PROD-498531761,One-Time;OneTime,8970
PROD-518530525;One-Time;USD,USD,true,false,SAS/NL‑SAS Disk Shelves,Standard Price Book;true,PROD-518530525,One-Time;OneTime,5000
PROD-518530525;One-Time;GBP,GBP,true,false,SAS/NL‑SAS Disk Shelves,Standard Price Book;true,PROD-518530525,One-Time;OneTime,3738.5
PROD-518530525;One-Time;EUR,EUR,true,false,SAS/NL‑SAS Disk Shelves,Standard Price Book;true,PROD-518530525,One-Time;OneTime,4382
PROD-518530525;One-Time;AUD,AUD,true,false,SAS/NL‑SAS Disk Shelves,Standard Price Book;true,PROD-518530525,One-Time;OneTime,7150.5
PROD-518530525;One-Time;CAD,CAD,true,false,SAS/NL‑SAS Disk Shelves,Standard Price Book;true,PROD-518530525,One-Time;OneTime,7045
PROD-518530525;One-Time;CHF,CHF,true,false,SAS/NL‑SAS Disk Shelves,Standard Price Book;true,PROD-518530525,One-Time;OneTime,4069
PROD-518530525;One-Time;JPY,JPY,true,false,SAS/NL‑SAS Disk Shelves,Standard Price Book;true,PROD-518530525,One-Time;OneTime,815433
PROD-518677116;One-Time;USD,USD,true,false,PDU‑B (30A/3‑phase),Standard Price Book;true,PROD-518677116,One-Time;OneTime,545
PROD-518677116;One-Time;GBP,GBP,true,false,PDU‑B (30A/3‑phase),Standard Price Book;true,PROD-518677116,One-Time;OneTime,407.5
PROD-518677116;One-Time;EUR,EUR,true,false,PDU‑B (30A/3‑phase),Standard Price Book;true,PROD-518677116,One-Time;OneTime,477.5
PROD-518677116;One-Time;AUD,AUD,true,false,PDU‑B (30A/3‑phase),Standard Price Book;true,PROD-518677116,One-Time;OneTime,779.5
PROD-518677116;One-Time;CAD,CAD,true,false,PDU‑B (30A/3‑phase),Standard Price Book;true,PROD-518677116,One-Time;OneTime,768
PROD-518677116;One-Time;CHF,CHF,true,false,PDU‑B (30A/3‑phase),Standard Price Book;true,PROD-518677116,One-Time;OneTime,443.5
PROD-518677116;One-Time;JPY,JPY,true,false,PDU‑B (30A/3‑phase),Standard Price Book;true,PROD-518677116,One-Time;OneTime,88882
PROD-522303157;One-Time;USD,USD,true,false,Fiber Harness Kits,Standard Price Book;true,PROD-522303157,One-Time;OneTime,125
PROD-522303157;One-Time;GBP,GBP,true,false,Fiber Harness Kits,Standard Price Book;true,PROD-522303157,One-Time;OneTime,93.5
PROD-522303157;One-Time;EUR,EUR,true,false,Fiber Harness Kits,Standard Price Book;true,PROD-522303157,One-Time;OneTime,109.5
PROD-522303157;One-Time;AUD,AUD,true,false,Fiber Harness Kits,Standard Price Book;true,PROD-522303157,One-Time;OneTime,179
PROD-522303157;One-Time;CAD,CAD,true,false,Fiber Harness Kits,Standard Price Book;true,PROD-522303157,One-Time;OneTime,176
PROD-522303157;One-Time;CHF,CHF,true,false,Fiber Harness Kits,Standard Price Book;true,PROD-522303157,One-Time;OneTime,101.5
PROD-522303157;One-Time;JPY,JPY,true,false,Fiber Harness Kits,Standard Price Book;true,PROD-522303157,One-Time;OneTime,20386
PROD-536938805;One-Time;USD,USD,true,false,C13‑C14 Power Cord,Standard Price Book;true,PROD-536938805,One-Time;OneTime,15
PROD-536938805;One-Time;GBP,GBP,true,false,C13‑C14 Power Cord,Standard Price Book;true,PROD-536938805,One-Time;OneTime,11
PROD-536938805;One-Time;EUR,EUR,true,false,C13‑C14 Power Cord,Standard Price Book;true,PROD-536938805,One-Time;OneTime,13
PROD-536938805;One-Time;AUD,AUD,true,false,C13‑C14 Power Cord,Standard Price Book;true,PROD-536938805,One-Time;OneTime,21.5
PROD-536938805;One-Time;CAD,CAD,true,false,C13‑C14 Power Cord,Standard Price Book;true,PROD-536938805,One-Time;OneTime,21
PROD-536938805;One-Time;CHF,CHF,true,false,C13‑C14 Power Cord,Standard Price Book;true,PROD-536938805,One-Time;OneTime,12
PROD-536938805;One-Time;JPY,JPY,true,false,C13‑C14 Power Cord,Standard Price Book;true,PROD-536938805,One-Time;OneTime,2446
PROD-544673184;One-Time;USD,USD,true,false,Power System,Standard Price Book;true,PROD-544673184,One-Time;OneTime,4390
PROD-544673184;One-Time;GBP,GBP,true,false,Power System,Standard Price Book;true,PROD-544673184,One-Time;OneTime,3282.5
PROD-544673184;One-Time;EUR,EUR,true,false,Power System,Standard Price Book;true,PROD-544673184,One-Time;OneTime,3847
PROD-544673184;One-Time;AUD,AUD,true,false,Power System,Standard Price Book;true,PROD-544673184,One-Time;OneTime,6278.5
PROD-544673184;One-Time;CAD,CAD,true,false,Power System,Standard Price Book;true,PROD-544673184,One-Time;OneTime,6185.5
PROD-544673184;One-Time;CHF,CHF,true,false,Power System,Standard Price Book;true,PROD-544673184,One-Time;OneTime,3572.5
PROD-544673184;One-Time;JPY,JPY,true,false,Power System,Standard Price Book;true,PROD-544673184,One-Time;OneTime,715950
PROD-545409999;One-Time;USD,USD,true,false,Metering Board,Standard Price Book;true,PROD-545409999,One-Time;OneTime,120
PROD-545409999;One-Time;GBP,GBP,true,false,Metering Board,Standard Price Book;true,PROD-545409999,One-Time;OneTime,89.5
PROD-545409999;One-Time;EUR,EUR,true,false,Metering Board,Standard Price Book;true,PROD-545409999,One-Time;OneTime,105
PROD-545409999;One-Time;AUD,AUD,true,false,Metering Board,Standard Price Book;true,PROD-545409999,One-Time;OneTime,171.5
PROD-545409999;One-Time;CAD,CAD,true,false,Metering Board,Standard Price Book;true,PROD-545409999,One-Time;OneTime,169
PROD-545409999;One-Time;CHF,CHF,true,false,Metering Board,Standard Price Book;true,PROD-545409999,One-Time;OneTime,97.5
PROD-545409999;One-Time;JPY,JPY,true,false,Metering Board,Standard Price Book;true,PROD-545409999,One-Time;OneTime,19570
PROD-550606303;One-Time;USD,USD,true,false,Label Sheet (Avery),Standard Price Book;true,PROD-550606303,One-Time;OneTime,20
PROD-550606303;One-Time;GBP,GBP,true,false,Label Sheet (Avery),Standard Price Book;true,PROD-550606303,One-Time;OneTime,15
PROD-550606303;One-Time;EUR,EUR,true,false,Label Sheet (Avery),Standard Price Book;true,PROD-550606303,One-Time;OneTime,17.5
PROD-550606303;One-Time;AUD,AUD,true,false,Label Sheet (Avery),Standard Price Book;true,PROD-550606303,One-Time;OneTime,28.5
PROD-550606303;One-Time;CAD,CAD,true,false,Label Sheet (Avery),Standard Price Book;true,PROD-550606303,One-Time;OneTime,28
PROD-550606303;One-Time;CHF,CHF,true,false,Label Sheet (Avery),Standard Price Book;true,PROD-550606303,One-Time;OneTime,16.5
PROD-550606303;One-Time;JPY,JPY,true,false,Label Sheet (Avery),Standard Price Book;true,PROD-550606303,One-Time;OneTime,3262
PROD-557364787;One-Time;USD,USD,true,false,Chassis & Backplane (1U),Standard Price Book;true,PROD-557364787,One-Time;OneTime,2500
PROD-557364787;One-Time;GBP,GBP,true,false,Chassis & Backplane (1U),Standard Price Book;true,PROD-557364787,One-Time;OneTime,1869.5
PROD-557364787;One-Time;EUR,EUR,true,false,Chassis & Backplane (1U),Standard Price Book;true,PROD-557364787,One-Time;OneTime,2191
PROD-557364787;One-Time;AUD,AUD,true,false,Chassis & Backplane (1U),Standard Price Book;true,PROD-557364787,One-Time;OneTime,3575.5
PROD-557364787;One-Time;CAD,CAD,true,false,Chassis & Backplane (1U),Standard Price Book;true,PROD-557364787,One-Time;OneTime,3522.5
PROD-557364787;One-Time;CHF,CHF,true,false,Chassis & Backplane (1U),Standard Price Book;true,PROD-557364787,One-Time;OneTime,2034.5
PROD-557364787;One-Time;JPY,JPY,true,false,Chassis & Backplane (1U),Standard Price Book;true,PROD-557364787,One-Time;OneTime,407717
PROD-597705628;One-Time;USD,USD,true,false,Side Panel Set,Standard Price Book;true,PROD-597705628,One-Time;OneTime,380
PROD-597705628;One-Time;GBP,GBP,true,false,Side Panel Set,Standard Price Book;true,PROD-597705628,One-Time;OneTime,284
PROD-597705628;One-Time;EUR,EUR,true,false,Side Panel Set,Standard Price Book;true,PROD-597705628,One-Time;OneTime,333
PROD-597705628;One-Time;AUD,AUD,true,false,Side Panel Set,Standard Price Book;true,PROD-597705628,One-Time;OneTime,543.5
PROD-597705628;One-Time;CAD,CAD,true,false,Side Panel Set,Standard Price Book;true,PROD-597705628,One-Time;OneTime,535.5
PROD-597705628;One-Time;CHF,CHF,true,false,Side Panel Set,Standard Price Book;true,PROD-597705628,One-Time;OneTime,309
PROD-597705628;One-Time;JPY,JPY,true,false,Side Panel Set,Standard Price Book;true,PROD-597705628,One-Time;OneTime,61973
PROD-604480020;One-Time;USD,USD,true,false,Cross‑Beams,Standard Price Book;true,PROD-604480020,One-Time;OneTime,2250
PROD-604480020;One-Time;GBP,GBP,true,false,Cross‑Beams,Standard Price Book;true,PROD-604480020,One-Time;OneTime,1682.5
PROD-604480020;One-Time;EUR,EUR,true,false,Cross‑Beams,Standard Price Book;true,PROD-604480020,One-Time;OneTime,1972
PROD-604480020;One-Time;AUD,AUD,true,false,Cross‑Beams,Standard Price Book;true,PROD-604480020,One-Time;OneTime,3218
PROD-604480020;One-Time;CAD,CAD,true,false,Cross‑Beams,Standard Price Book;true,PROD-604480020,One-Time;OneTime,3170
PROD-604480020;One-Time;CHF,CHF,true,false,Cross‑Beams,Standard Price Book;true,PROD-604480020,One-Time;OneTime,1831
PROD-604480020;One-Time;JPY,JPY,true,false,Cross‑Beams,Standard Price Book;true,PROD-604480020,One-Time;OneTime,366945
PROD-617615202;One-Time;USD,USD,true,false,Hot‑swap Fan Module,Standard Price Book;true,PROD-617615202,One-Time;OneTime,50
PROD-617615202;One-Time;GBP,GBP,true,false,Hot‑swap Fan Module,Standard Price Book;true,PROD-617615202,One-Time;OneTime,37.5
PROD-617615202;One-Time;EUR,EUR,true,false,Hot‑swap Fan Module,Standard Price Book;true,PROD-617615202,One-Time;OneTime,44
PROD-617615202;One-Time;AUD,AUD,true,false,Hot‑swap Fan Module,Standard Price Book;true,PROD-617615202,One-Time;OneTime,71.5
PROD-617615202;One-Time;CAD,CAD,true,false,Hot‑swap Fan Module,Standard Price Book;true,PROD-617615202,One-Time;OneTime,70.5
PROD-617615202;One-Time;CHF,CHF,true,false,Hot‑swap Fan Module,Standard Price Book;true,PROD-617615202,One-Time;OneTime,40.5
PROD-617615202;One-Time;JPY,JPY,true,false,Hot‑swap Fan Module,Standard Price Book;true,PROD-617615202,One-Time;OneTime,8154
PROD-630065671;One-Time;USD,USD,true,false,Frame Assembly,Standard Price Book;true,PROD-630065671,One-Time;OneTime,2650
PROD-630065671;One-Time;GBP,GBP,true,false,Frame Assembly,Standard Price Book;true,PROD-630065671,One-Time;OneTime,1981.5
PROD-630065671;One-Time;EUR,EUR,true,false,Frame Assembly,Standard Price Book;true,PROD-630065671,One-Time;OneTime,2322.5
PROD-630065671;One-Time;AUD,AUD,true,false,Frame Assembly,Standard Price Book;true,PROD-630065671,One-Time;OneTime,3790
PROD-630065671;One-Time;CAD,CAD,true,false,Frame Assembly,Standard Price Book;true,PROD-630065671,One-Time;OneTime,3734
PROD-630065671;One-Time;CHF,CHF,true,false,Frame Assembly,Standard Price Book;true,PROD-630065671,One-Time;OneTime,2156.5
PROD-630065671;One-Time;JPY,JPY,true,false,Frame Assembly,Standard Price Book;true,PROD-630065671,One-Time;OneTime,432180
PROD-630070740;One-Time;USD,USD,true,false,MCU Board,Standard Price Book;true,PROD-630070740,One-Time;OneTime,200
PROD-630070740;One-Time;GBP,GBP,true,false,MCU Board,Standard Price Book;true,PROD-630070740,One-Time;OneTime,149.5
PROD-630070740;One-Time;EUR,EUR,true,false,MCU Board,Standard Price Book;true,PROD-630070740,One-Time;OneTime,175.5
PROD-630070740;One-Time;AUD,AUD,true,false,MCU Board,Standard Price Book;true,PROD-630070740,One-Time;OneTime,286
PROD-630070740;One-Time;CAD,CAD,true,false,MCU Board,Standard Price Book;true,PROD-630070740,One-Time;OneTime,282
PROD-630070740;One-Time;CHF,CHF,true,false,MCU Board,Standard Price Book;true,PROD-630070740,One-Time;OneTime,163
PROD-630070740;One-Time;JPY,JPY,true,false,MCU Board,Standard Price Book;true,PROD-630070740,One-Time;OneTime,32617
PROD-65259457;One-Time;USD,USD,true,false,ESD Wrist Strap,Standard Price Book;true,PROD-65259457,One-Time;OneTime,15
PROD-65259457;One-Time;GBP,GBP,true,false,ESD Wrist Strap,Standard Price Book;true,PROD-65259457,One-Time;OneTime,11
PROD-65259457;One-Time;EUR,EUR,true,false,ESD Wrist Strap,Standard Price Book;true,PROD-65259457,One-Time;OneTime,13
PROD-65259457;One-Time;AUD,AUD,true,false,ESD Wrist Strap,Standard Price Book;true,PROD-65259457,One-Time;OneTime,21.5
PROD-65259457;One-Time;CAD,CAD,true,false,ESD Wrist Strap,Standard Price Book;true,PROD-65259457,One-Time;OneTime,21
PROD-65259457;One-Time;CHF,CHF,true,false,ESD Wrist Strap,Standard Price Book;true,PROD-65259457,One-Time;OneTime,12
PROD-65259457;One-Time;JPY,JPY,true,false,ESD Wrist Strap,Standard Price Book;true,PROD-65259457,One-Time;OneTime,2446
PROD-657569692;One-Time;USD,USD,true,false,RJ‑45 Patch 1m,Standard Price Book;true,PROD-657569692,One-Time;OneTime,5
PROD-657569692;One-Time;GBP,GBP,true,false,RJ‑45 Patch 1m,Standard Price Book;true,PROD-657569692,One-Time;OneTime,3.5
PROD-657569692;One-Time;EUR,EUR,true,false,RJ‑45 Patch 1m,Standard Price Book;true,PROD-657569692,One-Time;OneTime,4.5
PROD-657569692;One-Time;AUD,AUD,true,false,RJ‑45 Patch 1m,Standard Price Book;true,PROD-657569692,One-Time;OneTime,7
PROD-657569692;One-Time;CAD,CAD,true,false,RJ‑45 Patch 1m,Standard Price Book;true,PROD-657569692,One-Time;OneTime,7
PROD-657569692;One-Time;CHF,CHF,true,false,RJ‑45 Patch 1m,Standard Price Book;true,PROD-657569692,One-Time;OneTime,4
PROD-657569692;One-Time;JPY,JPY,true,false,RJ‑45 Patch 1m,Standard Price Book;true,PROD-657569692,One-Time;OneTime,815
PROD-6630506;One-Time;USD,USD,true,false,Generic Component A,Standard Price Book;true,PROD-6630506,One-Time;OneTime,8000
PROD-6630506;One-Time;GBP,GBP,true,false,Generic Component A,Standard Price Book;true,PROD-6630506,One-Time;OneTime,5982
PROD-6630506;One-Time;EUR,EUR,true,false,Generic Component A,Standard Price Book;true,PROD-6630506,One-Time;OneTime,7011
PROD-6630506;One-Time;AUD,AUD,true,false,Generic Component A,Standard Price Book;true,PROD-6630506,One-Time;OneTime,11441
PROD-6630506;One-Time;CAD,CAD,true,false,Generic Component A,Standard Price Book;true,PROD-6630506,One-Time;OneTime,11272
PROD-6630506;One-Time;CHF,CHF,true,false,Generic Component A,Standard Price Book;true,PROD-6630506,One-Time;OneTime,6510
PROD-6630506;One-Time;JPY,JPY,true,false,Generic Component A,Standard Price Book;true,PROD-6630506,One-Time;OneTime,1304693
PROD-670848332;One-Time;USD,USD,true,false,OOB Mgmt Gateway,Standard Price Book;true,PROD-670848332,One-Time;OneTime,800
PROD-670848332;One-Time;GBP,GBP,true,false,OOB Mgmt Gateway,Standard Price Book;true,PROD-670848332,One-Time;OneTime,598
PROD-670848332;One-Time;EUR,EUR,true,false,OOB Mgmt Gateway,Standard Price Book;true,PROD-670848332,One-Time;OneTime,701
PROD-670848332;One-Time;AUD,AUD,true,false,OOB Mgmt Gateway,Standard Price Book;true,PROD-670848332,One-Time;OneTime,1144
PROD-670848332;One-Time;CAD,CAD,true,false,OOB Mgmt Gateway,Standard Price Book;true,PROD-670848332,One-Time;OneTime,1127
PROD-670848332;One-Time;CHF,CHF,true,false,OOB Mgmt Gateway,Standard Price Book;true,PROD-670848332,One-Time;OneTime,651
PROD-670848332;One-Time;JPY,JPY,true,false,OOB Mgmt Gateway,Standard Price Book;true,PROD-670848332,One-Time;OneTime,130469
PROD-683520187;One-Time;USD,USD,true,false,Dual PSU & Fan Modules,Standard Price Book;true,PROD-683520187,One-Time;OneTime,2500
PROD-683520187;One-Time;GBP,GBP,true,false,Dual PSU & Fan Modules,Standard Price Book;true,PROD-683520187,One-Time;OneTime,1869.5
PROD-683520187;One-Time;EUR,EUR,true,false,Dual PSU & Fan Modules,Standard Price Book;true,PROD-683520187,One-Time;OneTime,2191
PROD-683520187;One-Time;AUD,AUD,true,false,Dual PSU & Fan Modules,Standard Price Book;true,PROD-683520187,One-Time;OneTime,3575.5
PROD-683520187;One-Time;CAD,CAD,true,false,Dual PSU & Fan Modules,Standard Price Book;true,PROD-683520187,One-Time;OneTime,3522.5
PROD-683520187;One-Time;CHF,CHF,true,false,Dual PSU & Fan Modules,Standard Price Book;true,PROD-683520187,One-Time;OneTime,2034.5
PROD-683520187;One-Time;JPY,JPY,true,false,Dual PSU & Fan Modules,Standard Price Book;true,PROD-683520187,One-Time;OneTime,407717
PROD-689623762;One-Time;USD,USD,true,false,Breaker Set,Standard Price Book;true,PROD-689623762,One-Time;OneTime,125
PROD-689623762;One-Time;GBP,GBP,true,false,Breaker Set,Standard Price Book;true,PROD-689623762,One-Time;OneTime,93.5
PROD-689623762;One-Time;EUR,EUR,true,false,Breaker Set,Standard Price Book;true,PROD-689623762,One-Time;OneTime,109.5
PROD-689623762;One-Time;AUD,AUD,true,false,Breaker Set,Standard Price Book;true,PROD-689623762,One-Time;OneTime,179
PROD-689623762;One-Time;CAD,CAD,true,false,Breaker Set,Standard Price Book;true,PROD-689623762,One-Time;OneTime,176
PROD-689623762;One-Time;CHF,CHF,true,false,Breaker Set,Standard Price Book;true,PROD-689623762,One-Time;OneTime,101.5
PROD-689623762;One-Time;JPY,JPY,true,false,Breaker Set,Standard Price Book;true,PROD-689623762,One-Time;OneTime,20386
PROD-697645794;One-Time;USD,USD,true,false,Rack UPS & Battery Pack,Standard Price Book;true,PROD-697645794,One-Time;OneTime,3300
PROD-697645794;One-Time;GBP,GBP,true,false,Rack UPS & Battery Pack,Standard Price Book;true,PROD-697645794,One-Time;OneTime,2467.5
PROD-697645794;One-Time;EUR,EUR,true,false,Rack UPS & Battery Pack,Standard Price Book;true,PROD-697645794,One-Time;OneTime,2892
PROD-697645794;One-Time;AUD,AUD,true,false,Rack UPS & Battery Pack,Standard Price Book;true,PROD-697645794,One-Time;OneTime,4719.5
PROD-697645794;One-Time;CAD,CAD,true,false,Rack UPS & Battery Pack,Standard Price Book;true,PROD-697645794,One-Time;OneTime,4649.5
PROD-697645794;One-Time;CHF,CHF,true,false,Rack UPS & Battery Pack,Standard Price Book;true,PROD-697645794,One-Time;OneTime,2685.5
PROD-697645794;One-Time;JPY,JPY,true,false,Rack UPS & Battery Pack,Standard Price Book;true,PROD-697645794,One-Time;OneTime,538186
PROD-711527748;One-Time;USD,USD,true,false,KVM Switch Core,Standard Price Book;true,PROD-711527748,One-Time;OneTime,280
PROD-711527748;One-Time;GBP,GBP,true,false,KVM Switch Core,Standard Price Book;true,PROD-711527748,One-Time;OneTime,209.5
PROD-711527748;One-Time;EUR,EUR,true,false,KVM Switch Core,Standard Price Book;true,PROD-711527748,One-Time;OneTime,245.5
PROD-711527748;One-Time;AUD,AUD,true,false,KVM Switch Core,Standard Price Book;true,PROD-711527748,One-Time;OneTime,400.5
PROD-711527748;One-Time;CAD,CAD,true,false,KVM Switch Core,Standard Price Book;true,PROD-711527748,One-Time;OneTime,394.5
PROD-711527748;One-Time;CHF,CHF,true,false,KVM Switch Core,Standard Price Book;true,PROD-711527748,One-Time;OneTime,228
PROD-711527748;One-Time;JPY,JPY,true,false,KVM Switch Core,Standard Price Book;true,PROD-711527748,One-Time;OneTime,45664
PROD-720237395;One-Time;USD,USD,true,false,EMI Shield Gasket,Standard Price Book;true,PROD-720237395,One-Time;OneTime,10
PROD-720237395;One-Time;GBP,GBP,true,false,EMI Shield Gasket,Standard Price Book;true,PROD-720237395,One-Time;OneTime,7.5
PROD-720237395;One-Time;EUR,EUR,true,false,EMI Shield Gasket,Standard Price Book;true,PROD-720237395,One-Time;OneTime,9
PROD-720237395;One-Time;AUD,AUD,true,false,EMI Shield Gasket,Standard Price Book;true,PROD-720237395,One-Time;OneTime,14.5
PROD-720237395;One-Time;CAD,CAD,true,false,EMI Shield Gasket,Standard Price Book;true,PROD-720237395,One-Time;OneTime,14
PROD-720237395;One-Time;CHF,CHF,true,false,EMI Shield Gasket,Standard Price Book;true,PROD-720237395,One-Time;OneTime,8
PROD-720237395;One-Time;JPY,JPY,true,false,EMI Shield Gasket,Standard Price Book;true,PROD-720237395,One-Time;OneTime,1631
PROD-755090702;One-Time;USD,USD,true,false,Side Panel Set,Standard Price Book;true,PROD-755090702,One-Time;OneTime,35
PROD-755090702;One-Time;GBP,GBP,true,false,Side Panel Set,Standard Price Book;true,PROD-755090702,One-Time;OneTime,26
PROD-755090702;One-Time;EUR,EUR,true,false,Side Panel Set,Standard Price Book;true,PROD-755090702,One-Time;OneTime,30.5
PROD-755090702;One-Time;AUD,AUD,true,false,Side Panel Set,Standard Price Book;true,PROD-755090702,One-Time;OneTime,50
PROD-755090702;One-Time;CAD,CAD,true,false,Side Panel Set,Standard Price Book;true,PROD-755090702,One-Time;OneTime,49.5
PROD-755090702;One-Time;CHF,CHF,true,false,Side Panel Set,Standard Price Book;true,PROD-755090702,One-Time;OneTime,28.5
PROD-755090702;One-Time;JPY,JPY,true,false,Side Panel Set,Standard Price Book;true,PROD-755090702,One-Time;OneTime,5708
PROD-764576755;One-Time;USD,USD,true,false,Caster Wheel,Standard Price Book;true,PROD-764576755,One-Time;OneTime,25
PROD-764576755;One-Time;GBP,GBP,true,false,Caster Wheel,Standard Price Book;true,PROD-764576755,One-Time;OneTime,18.5
PROD-764576755;One-Time;EUR,EUR,true,false,Caster Wheel,Standard Price Book;true,PROD-764576755,One-Time;OneTime,22
PROD-764576755;One-Time;AUD,AUD,true,false,Caster Wheel,Standard Price Book;true,PROD-764576755,One-Time;OneTime,36
PROD-764576755;One-Time;CAD,CAD,true,false,Caster Wheel,Standard Price Book;true,PROD-764576755,One-Time;OneTime,35
PROD-764576755;One-Time;CHF,CHF,true,false,Caster Wheel,Standard Price Book;true,PROD-764576755,One-Time;OneTime,20.5
PROD-764576755;One-Time;JPY,JPY,true,false,Caster Wheel,Standard Price Book;true,PROD-764576755,One-Time;OneTime,4077
PROD-775691186;One-Time;USD,USD,true,false,CPU (Sapphire Rapids),Standard Price Book;true,PROD-775691186,One-Time;OneTime,2000
PROD-775691186;One-Time;GBP,GBP,true,false,CPU (Sapphire Rapids),Standard Price Book;true,PROD-775691186,One-Time;OneTime,1495.5
PROD-775691186;One-Time;EUR,EUR,true,false,CPU (Sapphire Rapids),Standard Price Book;true,PROD-775691186,One-Time;OneTime,1752.5
PROD-775691186;One-Time;AUD,AUD,true,false,CPU (Sapphire Rapids),Standard Price Book;true,PROD-775691186,One-Time;OneTime,2860.5
PROD-775691186;One-Time;CAD,CAD,true,false,CPU (Sapphire Rapids),Standard Price Book;true,PROD-775691186,One-Time;OneTime,2818
PROD-775691186;One-Time;CHF,CHF,true,false,CPU (Sapphire Rapids),Standard Price Book;true,PROD-775691186,One-Time;OneTime,1627.5
PROD-775691186;One-Time;JPY,JPY,true,false,CPU (Sapphire Rapids),Standard Price Book;true,PROD-775691186,One-Time;OneTime,326173
PROD-77740090;One-Time;USD,USD,true,false,Hot‑swap Fan (x6),Standard Price Book;true,PROD-77740090,One-Time;OneTime,180
PROD-77740090;One-Time;GBP,GBP,true,false,Hot‑swap Fan (x6),Standard Price Book;true,PROD-77740090,One-Time;OneTime,134.5
PROD-77740090;One-Time;EUR,EUR,true,false,Hot‑swap Fan (x6),Standard Price Book;true,PROD-77740090,One-Time;OneTime,157.5
PROD-77740090;One-Time;AUD,AUD,true,false,Hot‑swap Fan (x6),Standard Price Book;true,PROD-77740090,One-Time;OneTime,257.5
PROD-77740090;One-Time;CAD,CAD,true,false,Hot‑swap Fan (x6),Standard Price Book;true,PROD-77740090,One-Time;OneTime,253.5
PROD-77740090;One-Time;CHF,CHF,true,false,Hot‑swap Fan (x6),Standard Price Book;true,PROD-77740090,One-Time;OneTime,146.5
PROD-77740090;One-Time;JPY,JPY,true,false,Hot‑swap Fan (x6),Standard Price Book;true,PROD-77740090,One-Time;OneTime,29356
PROD-781554326;One-Time;USD,USD,true,false,Top‑of‑Rack Switches,Standard Price Book;true,PROD-781554326,One-Time;OneTime,8200
PROD-781554326;One-Time;GBP,GBP,true,false,Top‑of‑Rack Switches,Standard Price Book;true,PROD-781554326,One-Time;OneTime,6131.5
PROD-781554326;One-Time;EUR,EUR,true,false,Top‑of‑Rack Switches,Standard Price Book;true,PROD-781554326,One-Time;OneTime,7186
PROD-781554326;One-Time;AUD,AUD,true,false,Top‑of‑Rack Switches,Standard Price Book;true,PROD-781554326,One-Time;OneTime,11727
PROD-781554326;One-Time;CAD,CAD,true,false,Top‑of‑Rack Switches,Standard Price Book;true,PROD-781554326,One-Time;OneTime,11553.5
PROD-781554326;One-Time;CHF,CHF,true,false,Top‑of‑Rack Switches,Standard Price Book;true,PROD-781554326,One-Time;OneTime,6673
PROD-781554326;One-Time;JPY,JPY,true,false,Top‑of‑Rack Switches,Standard Price Book;true,PROD-781554326,One-Time;OneTime,1337310
PROD-784779396;One-Time;USD,USD,true,false,MPO‑12 OM4 Trunk 10m,Standard Price Book;true,PROD-784779396,One-Time;OneTime,120
PROD-784779396;One-Time;GBP,GBP,true,false,MPO‑12 OM4 Trunk 10m,Standard Price Book;true,PROD-784779396,One-Time;OneTime,89.5
PROD-784779396;One-Time;EUR,EUR,true,false,MPO‑12 OM4 Trunk 10m,Standard Price Book;true,PROD-784779396,One-Time;OneTime,105
PROD-784779396;One-Time;AUD,AUD,true,false,MPO‑12 OM4 Trunk 10m,Standard Price Book;true,PROD-784779396,One-Time;OneTime,171.5
PROD-784779396;One-Time;CAD,CAD,true,false,MPO‑12 OM4 Trunk 10m,Standard Price Book;true,PROD-784779396,One-Time;OneTime,169
PROD-784779396;One-Time;CHF,CHF,true,false,MPO‑12 OM4 Trunk 10m,Standard Price Book;true,PROD-784779396,One-Time;OneTime,97.5
PROD-784779396;One-Time;JPY,JPY,true,false,MPO‑12 OM4 Trunk 10m,Standard Price Book;true,PROD-784779396,One-Time;OneTime,19570
PROD-789058761;One-Time;USD,USD,true,false,Rack Enclosure (42U),Standard Price Book;true,PROD-789058761,One-Time;OneTime,3470
PROD-789058761;One-Time;GBP,GBP,true,false,Rack Enclosure (42U),Standard Price Book;true,PROD-789058761,One-Time;OneTime,2594.5
PROD-789058761;One-Time;EUR,EUR,true,false,Rack Enclosure (42U),Standard Price Book;true,PROD-789058761,One-Time;OneTime,3041
PROD-789058761;One-Time;AUD,AUD,true,false,Rack Enclosure (42U),Standard Price Book;true,PROD-789058761,One-Time;OneTime,4962.5
PROD-789058761;One-Time;CAD,CAD,true,false,Rack Enclosure (42U),Standard Price Book;true,PROD-789058761,One-Time;OneTime,4889
PROD-789058761;One-Time;CHF,CHF,true,false,Rack Enclosure (42U),Standard Price Book;true,PROD-789058761,One-Time;OneTime,2823.5
PROD-789058761;One-Time;JPY,JPY,true,false,Rack Enclosure (42U),Standard Price Book;true,PROD-789058761,One-Time;OneTime,565911
PROD-795190764;One-Time;USD,USD,true,false,Vertical Cable Managers,Standard Price Book;true,PROD-795190764,One-Time;OneTime,150
PROD-795190764;One-Time;GBP,GBP,true,false,Vertical Cable Managers,Standard Price Book;true,PROD-795190764,One-Time;OneTime,112
PROD-795190764;One-Time;EUR,EUR,true,false,Vertical Cable Managers,Standard Price Book;true,PROD-795190764,One-Time;OneTime,131.5
PROD-795190764;One-Time;AUD,AUD,true,false,Vertical Cable Managers,Standard Price Book;true,PROD-795190764,One-Time;OneTime,214.5
PROD-795190764;One-Time;CAD,CAD,true,false,Vertical Cable Managers,Standard Price Book;true,PROD-795190764,One-Time;OneTime,211.5
PROD-795190764;One-Time;CHF,CHF,true,false,Vertical Cable Managers,Standard Price Book;true,PROD-795190764,One-Time;OneTime,122
PROD-795190764;One-Time;JPY,JPY,true,false,Vertical Cable Managers,Standard Price Book;true,PROD-795190764,One-Time;OneTime,24463
PROD-799314932;One-Time;USD,USD,true,false,Leveling Feet & Casters,Standard Price Book;true,PROD-799314932,One-Time;OneTime,100
PROD-799314932;One-Time;GBP,GBP,true,false,Leveling Feet & Casters,Standard Price Book;true,PROD-799314932,One-Time;OneTime,75
PROD-799314932;One-Time;EUR,EUR,true,false,Leveling Feet & Casters,Standard Price Book;true,PROD-799314932,One-Time;OneTime,87.5
PROD-799314932;One-Time;AUD,AUD,true,false,Leveling Feet & Casters,Standard Price Book;true,PROD-799314932,One-Time;OneTime,143
PROD-799314932;One-Time;CAD,CAD,true,false,Leveling Feet & Casters,Standard Price Book;true,PROD-799314932,One-Time;OneTime,141
PROD-799314932;One-Time;CHF,CHF,true,false,Leveling Feet & Casters,Standard Price Book;true,PROD-799314932,One-Time;OneTime,81.5
PROD-799314932;One-Time;JPY,JPY,true,false,Leveling Feet & Casters,Standard Price Book;true,PROD-799314932,One-Time;OneTime,16309
PROD-828674135;One-Time;USD,USD,true,false,Generic Component B,Standard Price Book;true,PROD-828674135,One-Time;OneTime,35
PROD-828674135;One-Time;GBP,GBP,true,false,Generic Component B,Standard Price Book;true,PROD-828674135,One-Time;OneTime,26
PROD-828674135;One-Time;EUR,EUR,true,false,Generic Component B,Standard Price Book;true,PROD-828674135,One-Time;OneTime,30.5
PROD-828674135;One-Time;AUD,AUD,true,false,Generic Component B,Standard Price Book;true,PROD-828674135,One-Time;OneTime,50
PROD-828674135;One-Time;CAD,CAD,true,false,Generic Component B,Standard Price Book;true,PROD-828674135,One-Time;OneTime,49.5
PROD-828674135;One-Time;CHF,CHF,true,false,Generic Component B,Standard Price Book;true,PROD-828674135,One-Time;OneTime,28.5
PROD-828674135;One-Time;JPY,JPY,true,false,Generic Component B,Standard Price Book;true,PROD-828674135,One-Time;OneTime,5708
PROD-84107093;One-Time;USD,USD,true,false,Documentation Packet,Standard Price Book;true,PROD-84107093,One-Time;OneTime,15
PROD-84107093;One-Time;GBP,GBP,true,false,Documentation Packet,Standard Price Book;true,PROD-84107093,One-Time;OneTime,11
PROD-84107093;One-Time;EUR,EUR,true,false,Documentation Packet,Standard Price Book;true,PROD-84107093,One-Time;OneTime,13
PROD-84107093;One-Time;AUD,AUD,true,false,Documentation Packet,Standard Price Book;true,PROD-84107093,One-Time;OneTime,21.5
PROD-84107093;One-Time;CAD,CAD,true,false,Documentation Packet,Standard Price Book;true,PROD-84107093,One-Time;OneTime,21
PROD-84107093;One-Time;CHF,CHF,true,false,Documentation Packet,Standard Price Book;true,PROD-84107093,One-Time;OneTime,12
PROD-84107093;One-Time;JPY,JPY,true,false,Documentation Packet,Standard Price Book;true,PROD-84107093,One-Time;OneTime,2446
PROD-844684431;One-Time;USD,USD,true,false,Smoke Detector Head,Standard Price Book;true,PROD-844684431,One-Time;OneTime,55
PROD-844684431;One-Time;GBP,GBP,true,false,Smoke Detector Head,Standard Price Book;true,PROD-844684431,One-Time;OneTime,41
PROD-844684431;One-Time;EUR,EUR,true,false,Smoke Detector Head,Standard Price Book;true,PROD-844684431,One-Time;OneTime,48
PROD-844684431;One-Time;AUD,AUD,true,false,Smoke Detector Head,Standard Price Book;true,PROD-844684431,One-Time;OneTime,78.5
PROD-844684431;One-Time;CAD,CAD,true,false,Smoke Detector Head,Standard Price Book;true,PROD-844684431,One-Time;OneTime,77.5
PROD-844684431;One-Time;CHF,CHF,true,false,Smoke Detector Head,Standard Price Book;true,PROD-844684431,One-Time;OneTime,45
PROD-844684431;One-Time;JPY,JPY,true,false,Smoke Detector Head,Standard Price Book;true,PROD-844684431,One-Time;OneTime,8970
PROD-860612882;One-Time;USD,USD,true,false,Bypass Module,Standard Price Book;true,PROD-860612882,One-Time;OneTime,500
PROD-860612882;One-Time;GBP,GBP,true,false,Bypass Module,Standard Price Book;true,PROD-860612882,One-Time;OneTime,374
PROD-860612882;One-Time;EUR,EUR,true,false,Bypass Module,Standard Price Book;true,PROD-860612882,One-Time;OneTime,438
PROD-860612882;One-Time;AUD,AUD,true,false,Bypass Module,Standard Price Book;true,PROD-860612882,One-Time;OneTime,715
PROD-860612882;One-Time;CAD,CAD,true,false,Bypass Module,Standard Price Book;true,PROD-860612882,One-Time;OneTime,704.5
PROD-860612882;One-Time;CHF,CHF,true,false,Bypass Module,Standard Price Book;true,PROD-860612882,One-Time;OneTime,407
PROD-860612882;One-Time;JPY,JPY,true,false,Bypass Module,Standard Price Book;true,PROD-860612882,One-Time;OneTime,81543
PROD-86201530;One-Time;USD,USD,true,false,32x 100GbE Switch (TOR),Standard Price Book;true,PROD-86201530,One-Time;OneTime,6500
PROD-86201530;One-Time;GBP,GBP,true,false,32x 100GbE Switch (TOR),Standard Price Book;true,PROD-86201530,One-Time;OneTime,4860
PROD-86201530;One-Time;EUR,EUR,true,false,32x 100GbE Switch (TOR),Standard Price Book;true,PROD-86201530,One-Time;OneTime,5696.5
PROD-86201530;One-Time;AUD,AUD,true,false,32x 100GbE Switch (TOR),Standard Price Book;true,PROD-86201530,One-Time;OneTime,9296
PROD-86201530;One-Time;CAD,CAD,true,false,32x 100GbE Switch (TOR),Standard Price Book;true,PROD-86201530,One-Time;OneTime,9158.5
PROD-86201530;One-Time;CHF,CHF,true,false,32x 100GbE Switch (TOR),Standard Price Book;true,PROD-86201530,One-Time;OneTime,5289.5
PROD-86201530;One-Time;JPY,JPY,true,false,32x 100GbE Switch (TOR),Standard Price Book;true,PROD-86201530,One-Time;OneTime,1060063
PROD-890173745;One-Time;USD,USD,true,false,SFP28 25G Transceiver,Standard Price Book;true,PROD-890173745,One-Time;OneTime,75
PROD-890173745;One-Time;GBP,GBP,true,false,SFP28 25G Transceiver,Standard Price Book;true,PROD-890173745,One-Time;OneTime,56
PROD-890173745;One-Time;EUR,EUR,true,false,SFP28 25G Transceiver,Standard Price Book;true,PROD-890173745,One-Time;OneTime,65.5
PROD-890173745;One-Time;AUD,AUD,true,false,SFP28 25G Transceiver,Standard Price Book;true,PROD-890173745,One-Time;OneTime,107.5
PROD-890173745;One-Time;CAD,CAD,true,false,SFP28 25G Transceiver,Standard Price Book;true,PROD-890173745,One-Time;OneTime,105.5
PROD-890173745;One-Time;CHF,CHF,true,false,SFP28 25G Transceiver,Standard Price Book;true,PROD-890173745,One-Time;OneTime,61
PROD-890173745;One-Time;JPY,JPY,true,false,SFP28 25G Transceiver,Standard Price Book;true,PROD-890173745,One-Time;OneTime,12231
PROD-915112779;One-Time;USD,USD,true,false,Door Lock Key Set,Standard Price Book;true,PROD-915112779,One-Time;OneTime,10
PROD-915112779;One-Time;GBP,GBP,true,false,Door Lock Key Set,Standard Price Book;true,PROD-915112779,One-Time;OneTime,7.5
PROD-915112779;One-Time;EUR,EUR,true,false,Door Lock Key Set,Standard Price Book;true,PROD-915112779,One-Time;OneTime,9
PROD-915112779;One-Time;AUD,AUD,true,false,Door Lock Key Set,Standard Price Book;true,PROD-915112779,One-Time;OneTime,14.5
PROD-915112779;One-Time;CAD,CAD,true,false,Door Lock Key Set,Standard Price Book;true,PROD-915112779,One-Time;OneTime,14
PROD-915112779;One-Time;CHF,CHF,true,false,Door Lock Key Set,Standard Price Book;true,PROD-915112779,One-Time;OneTime,8
PROD-915112779;One-Time;JPY,JPY,true,false,Door Lock Key Set,Standard Price Book;true,PROD-915112779,One-Time;OneTime,1631
PROD-942049373;One-Time;USD,USD,true,false,Fan Screws (set),Standard Price Book;true,PROD-942049373,One-Time;OneTime,5
PROD-942049373;One-Time;GBP,GBP,true,false,Fan Screws (set),Standard Price Book;true,PROD-942049373,One-Time;OneTime,3.5
PROD-942049373;One-Time;EUR,EUR,true,false,Fan Screws (set),Standard Price Book;true,PROD-942049373,One-Time;OneTime,4.5
PROD-942049373;One-Time;AUD,AUD,true,false,Fan Screws (set),Standard Price Book;true,PROD-942049373,One-Time;OneTime,7
PROD-942049373;One-Time;CAD,CAD,true,false,Fan Screws (set),Standard Price Book;true,PROD-942049373,One-Time;OneTime,7
PROD-942049373;One-Time;CHF,CHF,true,false,Fan Screws (set),Standard Price Book;true,PROD-942049373,One-Time;OneTime,4
PROD-942049373;One-Time;JPY,JPY,true,false,Fan Screws (set),Standard Price Book;true,PROD-942049373,One-Time;OneTime,815
PROD-950775878;One-Time;USD,USD,true,false,Front Door,Standard Price Book;true,PROD-950775878,One-Time;OneTime,115
PROD-950775878;One-Time;GBP,GBP,true,false,Front Door,Standard Price Book;true,PROD-950775878,One-Time;OneTime,86
PROD-950775878;One-Time;EUR,EUR,true,false,Front Door,Standard Price Book;true,PROD-950775878,One-Time;OneTime,101
PROD-950775878;One-Time;AUD,AUD,true,false,Front Door,Standard Price Book;true,PROD-950775878,One-Time;OneTime,164.5
PROD-950775878;One-Time;CAD,CAD,true,false,Front Door,Standard Price Book;true,PROD-950775878,One-Time;OneTime,162
PROD-950775878;One-Time;CHF,CHF,true,false,Front Door,Standard Price Book;true,PROD-950775878,One-Time;OneTime,93.5
PROD-950775878;One-Time;JPY,JPY,true,false,Front Door,Standard Price Book;true,PROD-950775878,One-Time;OneTime,18755
PROD-9614201;One-Time;USD,USD,true,false,PCIe Riser,Standard Price Book;true,PROD-9614201,One-Time;OneTime,40
PROD-9614201;One-Time;GBP,GBP,true,false,PCIe Riser,Standard Price Book;true,PROD-9614201,One-Time;OneTime,30
PROD-9614201;One-Time;EUR,EUR,true,false,PCIe Riser,Standard Price Book;true,PROD-9614201,One-Time;OneTime,35
PROD-9614201;One-Time;AUD,AUD,true,false,PCIe Riser,Standard Price Book;true,PROD-9614201,One-Time;OneTime,57
PROD-9614201;One-Time;CAD,CAD,true,false,PCIe Riser,Standard Price Book;true,PROD-9614201,One-Time;OneTime,56.5
PROD-9614201;One-Time;CHF,CHF,true,false,PCIe Riser,Standard Price Book;true,PROD-9614201,One-Time;OneTime,32.5
PROD-9614201;One-Time;JPY,JPY,true,false,PCIe Riser,Standard Price Book;true,PROD-9614201,One-Time;OneTime,6523
PROD-961586782;One-Time;USD,USD,true,false,Grounding Kit,Standard Price Book;true,PROD-961586782,One-Time;OneTime,30
PROD-961586782;One-Time;GBP,GBP,true,false,Grounding Kit,Standard Price Book;true,PROD-961586782,One-Time;OneTime,22.5
PROD-961586782;One-Time;EUR,EUR,true,false,Grounding Kit,Standard Price Book;true,PROD-961586782,One-Time;OneTime,26.5
PROD-961586782;One-Time;AUD,AUD,true,false,Grounding Kit,Standard Price Book;true,PROD-961586782,One-Time;OneTime,43
PROD-961586782;One-Time;CAD,CAD,true,false,Grounding Kit,Standard Price Book;true,PROD-961586782,One-Time;OneTime,42.5
PROD-961586782;One-Time;CHF,CHF,true,false,Grounding Kit,Standard Price Book;true,PROD-961586782,One-Time;OneTime,24.5
PROD-961586782;One-Time;JPY,JPY,true,false,Grounding Kit,Standard Price Book;true,PROD-961586782,One-Time;OneTime,4893
PROD-970871438;One-Time;USD,USD,true,false,QSFP28 DAC 1m,Standard Price Book;true,PROD-970871438,One-Time;OneTime,45
PROD-970871438;One-Time;GBP,GBP,true,false,QSFP28 DAC 1m,Standard Price Book;true,PROD-970871438,One-Time;OneTime,33.5
PROD-970871438;One-Time;EUR,EUR,true,false,QSFP28 DAC 1m,Standard Price Book;true,PROD-970871438,One-Time;OneTime,39.5
PROD-970871438;One-Time;AUD,AUD,true,false,QSFP28 DAC 1m,Standard Price Book;true,PROD-970871438,One-Time;OneTime,64.5
PROD-970871438;One-Time;CAD,CAD,true,false,QSFP28 DAC 1m,Standard Price Book;true,PROD-970871438,One-Time;OneTime,63.5
PROD-970871438;One-Time;CHF,CHF,true,false,QSFP28 DAC 1m,Standard Price Book;true,PROD-970871438,One-Time;OneTime,36.5
PROD-970871438;One-Time;JPY,JPY,true,false,QSFP28 DAC 1m,Standard Price Book;true,PROD-970871438,One-Time;OneTime,7339
PROD-988309468;One-Time;USD,USD,true,false,Rack Stabilizer Bracket,Standard Price Book;true,PROD-988309468,One-Time;OneTime,30
PROD-988309468;One-Time;GBP,GBP,true,false,Rack Stabilizer Bracket,Standard Price Book;true,PROD-988309468,One-Time;OneTime,22.5
PROD-988309468;One-Time;EUR,EUR,true,false,Rack Stabilizer Bracket,Standard Price Book;true,PROD-988309468,One-Time;OneTime,26.5
PROD-988309468;One-Time;AUD,AUD,true,false,Rack Stabilizer Bracket,Standard Price Book;true,PROD-988309468,One-Time;OneTime,43
PROD-988309468;One-Time;CAD,CAD,true,false,Rack Stabilizer Bracket,Standard Price Book;true,PROD-988309468,One-Time;OneTime,42.5
PROD-988309468;One-Time;CHF,CHF,true,false,Rack Stabilizer Bracket,Standard Price Book;true,PROD-988309468,One-Time;OneTime,24.5
PROD-988309468;One-Time;JPY,JPY,true,false,Rack Stabilizer Bracket,Standard Price Book;true,PROD-988309468,One-Time;OneTime,4893
PROD-990828007;One-Time;USD,USD,true,false,NVMe JBOF Enclosures,Standard Price Book;true,PROD-990828007,One-Time;OneTime,7000
PROD-990828007;One-Time;GBP,GBP,true,false,NVMe JBOF Enclosures,Standard Price Book;true,PROD-990828007,One-Time;OneTime,5234
PROD-990828007;One-Time;EUR,EUR,true,false,NVMe JBOF Enclosures,Standard Price Book;true,PROD-990828007,One-Time;OneTime,6134.5
PROD-990828007;One-Time;AUD,AUD,true,false,NVMe JBOF Enclosures,Standard Price Book;true,PROD-990828007,One-Time;OneTime,10011
PROD-990828007;One-Time;CAD,CAD,true,false,NVMe JBOF Enclosures,Standard Price Book;true,PROD-990828007,One-Time;OneTime,9863
PROD-990828007;One-Time;CHF,CHF,true,false,NVMe JBOF Enclosures,Standard Price Book;true,PROD-990828007,One-Time;OneTime,5696.5
PROD-990828007;One-Time;JPY,JPY,true,false,NVMe JBOF Enclosures,Standard Price Book;true,PROD-990828007,One-Time;OneTime,1141606
